Date,Open,High,Low,Close,Volume
"Sep 4, 2018","2,026.50","2,050.50","2,013.00","2,039.51","5,721,093"
"Sep 5, 2018","2,038.11","2,040.38","1,989.89","1,994.82","8,220,576"
"Sep 6, 2018","2,006.51","2,007.50","1,935.21","1,958.31","7,488,680"
"Sep 7, 2018","1,938.71","1,975.20","1,937.35","1,952.07","4,892,643"
"Sep 10, 2018","1,971.00","1,973.04","1,931.52","1,939.01","4,544,831"
"Sep 11, 2018","1,928.27","1,988.88","1,917.00","1,987.15","5,033,645"
"Sep 12, 2018","1,994.00","2,000.00","1,962.44","1,990.00","4,414,012"
"Sep 13, 2018","2,000.00","2,008.76","1,982.03","1,989.87","3,621,511"
"Sep 14, 2018","1,992.93","1,993.65","1,959.22","1,970.19","3,642,030"
"Sep 17, 2018","1,954.73","1,956.82","1,887.41","1,908.03","7,050,192"
"Sep 18, 2018","1,918.65","1,958.20","1,915.44","1,941.05","4,268,706"
"Sep 19, 2018","1,940.50","1,940.83","1,904.90","1,926.42","4,056,822"
"Sep 20, 2018","1,938.58","1,955.00","1,932.25","1,944.30","3,154,934"
"Sep 21, 2018","1,954.22","1,957.31","1,910.50","1,915.01","6,855,898"
"Sep 24, 2018","1,903.79","1,936.88","1,865.00","1,934.36","4,213,728"
"Sep 25, 2018","1,942.90","1,975.91","1,938.85","1,974.55","4,538,407"
"Sep 26, 2018","1,968.50","1,995.25","1,961.52","1,974.85","4,313,459"
"Sep 27, 2018","1,993.24","2,016.16","1,988.58","2,012.98","4,329,391"
"Sep 28, 2018","2,004.41","2,026.52","1,996.46","2,003.00","4,085,135"
"Oct 1, 2018","2,021.99","2,033.19","2,003.60","2,004.36","3,468,285"
"Oct 2, 2018","1,999.99","2,013.39","1,965.77","1,971.31","5,400,749"
"Oct 3, 2018","1,981.70","1,989.70","1,949.81","1,952.76","5,253,131"
"Oct 4, 2018","1,949.00","1,956.00","1,896.57","1,909.42","7,256,973"
"Oct 5, 2018","1,917.99","1,929.08","1,862.83","1,889.65","6,822,327"
"Oct 8, 2018","1,874.00","1,902.00","1,830.66","1,864.42","7,393,199"
"Oct 9, 2018","1,859.99","1,896.68","1,852.32","1,870.32","4,772,866"
"Oct 10, 2018","1,857.89","1,858.56","1,754.41","1,755.25","10,988,855"
"Oct 11, 2018","1,724.00","1,755.40","1,685.10","1,719.36","13,935,872"
"Oct 12, 2018","1,808.00","1,808.95","1,742.53","1,788.61","9,444,587"
"Oct 15, 2018","1,795.00","1,795.05","1,734.23","1,760.95","6,437,162"
"Oct 16, 2018","1,783.50","1,823.88","1,761.55","1,819.96","5,859,918"
"Oct 17, 2018","1,842.79","1,845.00","1,807.00","1,831.73","5,295,177"
"Oct 18, 2018","1,821.49","1,830.15","1,767.87","1,770.72","5,873,995"
"Oct 19, 2018","1,785.16","1,809.10","1,753.00","1,764.03","5,907,246"
"Oct 22, 2018","1,784.00","1,809.50","1,756.00","1,789.30","4,500,015"
"Oct 23, 2018","1,742.24","1,776.34","1,714.00","1,768.70","6,723,913"
"Oct 24, 2018","1,773.70","1,777.71","1,656.56","1,664.20","6,928,383"
"Oct 25, 2018","1,703.34","1,794.81","1,692.01","1,782.17","10,285,742"
"Oct 26, 2018","1,649.59","1,698.46","1,603.00","1,642.81","14,963,783"
"Oct 29, 2018","1,660.00","1,665.74","1,495.00","1,538.88","13,866,077"
"Oct 30, 2018","1,486.16","1,540.99","1,476.36","1,530.42","12,460,086"
"Oct 31, 2018","1,569.99","1,623.91","1,565.09","1,598.01","9,390,211"
"Nov 1, 2018","1,623.53","1,670.45","1,598.44","1,665.53","8,135,539"
"Nov 2, 2018","1,678.59","1,697.44","1,651.83","1,665.53","6,955,548"
"Nov 5, 2018","1,657.57","1,658.09","1,596.36","1,627.80","5,624,727"
"Nov 6, 2018","1,618.35","1,665.00","1,614.55","1,642.81","4,257,353"
"Nov 7, 2018","1,673.00","1,759.23","1,664.08","1,755.49","8,192,234"
"Nov 8, 2018","1,755.00","1,784.00","1,725.11","1,754.91","6,534,866"
"Nov 9, 2018","1,732.50","1,743.92","1,701.87","1,712.43","5,902,186"
"Nov 12, 2018","1,698.24","1,708.55","1,630.01","1,636.85","6,806,245"
"Nov 13, 2018","1,649.29","1,677.06","1,613.75","1,631.17","5,933,271"
"Nov 14, 2018","1,656.32","1,673.00","1,597.07","1,599.01","6,486,891"
"Nov 15, 2018","1,581.01","1,624.82","1,546.51","1,619.44","8,427,337"
"Nov 16, 2018","1,587.50","1,614.48","1,573.12","1,593.41","6,066,080"
"Nov 19, 2018","1,577.01","1,581.19","1,503.36","1,512.29","7,789,981"
"Nov 20, 2018","1,437.50","1,534.75","1,420.00","1,495.46","10,878,823"
"Nov 21, 2018","1,542.99","1,550.00","1,515.00","1,516.73","5,716,800"
"Nov 23, 2018","1,517.00","1,536.20","1,501.81","1,502.06","2,707,642"
"Nov 26, 2018","1,539.00","1,584.81","1,524.22","1,581.33","6,257,716"
"Nov 27, 2018","1,575.99","1,597.65","1,558.01","1,581.42","5,783,227"
"Nov 28, 2018","1,613.92","1,681.45","1,601.22","1,677.75","8,458,738"
"Nov 29, 2018","1,674.99","1,689.99","1,652.33","1,673.57","6,613,243"
"Nov 30, 2018","1,679.50","1,696.00","1,666.50","1,690.17","5,761,761"
"Dec 3, 2018","1,769.46","1,778.34","1,730.00","1,772.36","6,862,160"
"Dec 4, 2018","1,756.00","1,770.34","1,665.00","1,668.40","8,694,455"
"Dec 6, 2018","1,614.87","1,701.05","1,609.85","1,699.19","8,789,394"
"Dec 7, 2018","1,705.07","1,718.93","1,625.46","1,629.13","7,576,132"
"Dec 10, 2018","1,623.84","1,657.99","1,590.87","1,641.03","7,494,808"
"Dec 11, 2018","1,678.00","1,679.47","1,619.60","1,643.24","6,244,695"
"Dec 12, 2018","1,669.00","1,704.99","1,660.27","1,663.54","6,597,968"
"Dec 13, 2018","1,680.00","1,692.12","1,641.50","1,658.38","5,271,162"
"Dec 14, 2018","1,638.00","1,642.57","1,585.00","1,591.91","6,367,163"
"Dec 17, 2018","1,566.00","1,576.13","1,505.01","1,520.91","8,829,762"
"Dec 18, 2018","1,540.00","1,567.55","1,523.01","1,551.48","6,522,975"
"Dec 19, 2018","1,543.05","1,584.53","1,483.18","1,495.08","8,792,189"
"Dec 20, 2018","1,484.00","1,509.50","1,432.69","1,460.83","9,991,833"
"Dec 21, 2018","1,464.99","1,480.00","1,363.96","1,377.45","13,640,320"
"Dec 24, 2018","1,346.00","1,396.03","1,307.00","1,343.96","7,219,996"
"Dec 26, 2018","1,368.89","1,473.16","1,363.01","1,470.90","10,411,801"
"Dec 27, 2018","1,454.20","1,469.00","1,390.31","1,461.64","9,722,034"
"Dec 28, 2018","1,473.35","1,513.47","1,449.00","1,478.02","8,828,950"
"Dec 31, 2018","1,510.80","1,520.76","1,487.00","1,501.97","6,954,507"
"Jan 2, 2019","1,465.20","1,553.36","1,460.93","1,539.13","7,983,103"
"Jan 3, 2019","1,520.01","1,538.00","1,497.11","1,500.28","6,975,572"
"Jan 4, 2019","1,530.00","1,594.00","1,518.31","1,575.39","9,182,575"
"Jan 7, 2019","1,602.31","1,634.56","1,589.19","1,629.51","7,993,213"
"Jan 8, 2019","1,664.69","1,676.61","1,616.61","1,656.58","8,881,428"
"Jan 9, 2019","1,652.98","1,667.80","1,641.40","1,659.42","6,348,801"
"Jan 10, 2019","1,641.01","1,663.25","1,621.62","1,656.22","6,507,693"
"Jan 11, 2019","1,640.55","1,660.29","1,636.22","1,640.56","4,686,222"
"Jan 14, 2019","1,615.00","1,648.20","1,595.15","1,617.21","6,005,888"
"Jan 15, 2019","1,632.00","1,675.16","1,626.01","1,674.56","5,998,510"
"Jan 16, 2019","1,684.22","1,705.00","1,675.88","1,683.78","6,366,864"
"Jan 17, 2019","1,680.00","1,700.17","1,677.50","1,693.22","4,208,875"
"Jan 18, 2019","1,712.00","1,716.20","1,691.54","1,696.20","6,020,503"
"Jan 22, 2019","1,681.00","1,681.87","1,610.20","1,632.17","6,416,796"
"Jan 23, 2019","1,656.00","1,657.43","1,612.00","1,640.02","5,225,212"
"Jan 24, 2019","1,641.07","1,657.26","1,631.78","1,654.93","4,089,943"
"Jan 25, 2019","1,670.50","1,683.48","1,661.61","1,670.57","4,959,679"
"Jan 28, 2019","1,643.59","1,645.00","1,614.09","1,637.89","4,837,711"
"Jan 29, 2019","1,631.27","1,632.38","1,590.72","1,593.88","4,632,782"
"Jan 30, 2019","1,623.00","1,676.95","1,619.68","1,670.43","5,783,822"
"Jan 31, 2019","1,692.85","1,736.41","1,679.08","1,718.73","10,910,338"
"Feb 1, 2019","1,638.88","1,673.06","1,622.01","1,626.23","11,506,213"
"Feb 4, 2019","1,623.00","1,649.63","1,613.50","1,633.31","4,929,187"
"Feb 5, 2019","1,643.34","1,665.26","1,642.50","1,658.81","4,453,105"
"Feb 6, 2019","1,670.75","1,672.26","1,633.34","1,640.26","3,939,883"
"Feb 7, 2019","1,625.00","1,625.54","1,592.91","1,614.37","4,626,589"
"Feb 8, 2019","1,586.00","1,588.59","1,566.76","1,588.22","5,657,457"
"Feb 11, 2019","1,600.98","1,609.29","1,586.00","1,591.00","3,317,328"
"Feb 12, 2019","1,604.00","1,639.40","1,598.88","1,638.01","4,858,604"
"Feb 13, 2019","1,647.00","1,656.38","1,637.11","1,640.00","3,560,321"
"Feb 14, 2019","1,624.50","1,637.90","1,606.06","1,622.65","4,120,524"
"Feb 15, 2019","1,627.86","1,628.91","1,604.50","1,607.95","4,343,893"
"Feb 19, 2019","1,601.00","1,634.00","1,600.56","1,627.58","3,681,656"
"Feb 20, 2019","1,630.00","1,634.93","1,610.12","1,622.10","3,337,589"
"Feb 21, 2019","1,619.85","1,623.56","1,600.91","1,619.44","3,483,392"
"Feb 22, 2019","1,623.50","1,634.94","1,621.17","1,631.56","3,096,191"
"Feb 25, 2019","1,641.45","1,654.60","1,630.39","1,633.00","3,184,462"
"Feb 26, 2019","1,625.98","1,639.99","1,616.13","1,636.40","2,665,815"
"Feb 27, 2019","1,628.18","1,641.81","1,615.10","1,641.09","3,148,824"
"Feb 28, 2019","1,635.25","1,651.77","1,633.83","1,639.83","3,025,891"
"Mar 1, 2019","1,655.13","1,674.26","1,651.00","1,671.73","4,974,877"
"Mar 4, 2019","1,685.00","1,709.43","1,674.36","1,696.17","6,167,358"
"Mar 5, 2019","1,702.95","1,707.80","1,689.01","1,692.43","3,681,522"
"Mar 6, 2019","1,695.97","1,697.75","1,668.28","1,668.95","3,996,001"
"Mar 7, 2019","1,667.37","1,669.75","1,620.51","1,625.95","4,957,017"
"Mar 8, 2019","1,604.01","1,622.72","1,586.57","1,620.80","4,667,014"
"Mar 11, 2019","1,626.12","1,672.29","1,626.01","1,670.62","3,876,352"
"Mar 12, 2019","1,669.00","1,684.27","1,660.98","1,673.10","3,614,498"
"Mar 13, 2019","1,683.00","1,700.00","1,679.35","1,690.81","3,552,041"
"Mar 14, 2019","1,691.20","1,702.00","1,684.34","1,686.22","2,946,618"
"Mar 15, 2019","1,703.00","1,718.80","1,693.13","1,712.36","7,550,870"
"Mar 18, 2019","1,712.70","1,750.00","1,712.63","1,742.15","5,429,058"
"Mar 19, 2019","1,753.51","1,784.16","1,753.51","1,761.85","6,364,161"
"Mar 20, 2019","1,769.94","1,799.50","1,767.03","1,797.27","6,265,633"
"Mar 21, 2019","1,796.26","1,823.75","1,787.28","1,819.26","5,767,797"
"Mar 22, 2019","1,810.17","1,818.98","1,763.11","1,764.77","6,362,983"
"Mar 25, 2019","1,757.79","1,782.68","1,747.50","1,774.26","5,103,803"
"Mar 26, 2019","1,793.00","1,805.77","1,773.36","1,783.76","4,865,880"
"Mar 27, 2019","1,784.13","1,787.50","1,745.68","1,765.70","4,324,801"
"Mar 28, 2019","1,770.00","1,777.93","1,753.47","1,773.42","3,042,958"
"Mar 29, 2019","1,786.58","1,792.86","1,776.63","1,780.75","3,320,793"
"Apr 1, 2019","1,800.11","1,815.67","1,798.73","1,814.19","4,238,752"
"Apr 2, 2019","1,811.02","1,820.00","1,805.12","1,813.98","3,448,115"
"Apr 3, 2019","1,826.72","1,830.00","1,809.62","1,820.70","3,980,590"
"Apr 4, 2019","1,820.65","1,828.75","1,804.20","1,818.86","3,623,867"
"Apr 5, 2019","1,829.00","1,838.58","1,825.19","1,837.28","3,640,476"
"Apr 8, 2019","1,833.23","1,850.20","1,825.11","1,849.86","3,752,841"
"Apr 9, 2019","1,845.49","1,853.09","1,831.78","1,835.84","3,714,368"
"Apr 10, 2019","1,841.00","1,848.00","1,828.81","1,847.33","2,963,973"
"Apr 11, 2019","1,848.70","1,849.95","1,840.31","1,844.07","2,654,842"
"Apr 12, 2019","1,848.40","1,851.50","1,841.30","1,843.06","3,114,413"
"Apr 15, 2019","1,842.00","1,846.85","1,818.90","1,844.87","3,724,423"
"Apr 16, 2019","1,851.35","1,869.77","1,848.00","1,863.04","3,044,618"
"Apr 17, 2019","1,872.99","1,876.47","1,860.44","1,864.82","2,893,517"
"Apr 18, 2019","1,868.79","1,870.82","1,859.48","1,861.69","2,749,882"
"Apr 22, 2019","1,855.40","1,888.42","1,845.64","1,887.31","3,373,807"
"Apr 23, 2019","1,891.20","1,929.26","1,889.58","1,923.77","4,640,441"
"Apr 24, 2019","1,925.00","1,929.69","1,898.16","1,901.75","3,675,781"
"Apr 25, 2019","1,917.00","1,922.45","1,900.31","1,902.25","6,099,101"
"Apr 26, 2019","1,929.00","1,951.00","1,898.00","1,950.63","8,432,563"
"Apr 29, 2019","1,949.00","1,956.34","1,934.09","1,938.43","4,021,255"
"Apr 30, 2019","1,930.10","1,935.71","1,906.95","1,926.52","3,506,007"
"May 1, 2019","1,933.09","1,943.64","1,910.55","1,911.52","3,116,964"
"May 2, 2019","1,913.33","1,921.55","1,881.87","1,900.82","3,962,915"
"May 3, 2019","1,949.00","1,964.40","1,936.00","1,962.46","6,381,564"
"May 6, 2019","1,917.98","1,959.00","1,910.50","1,950.55","5,417,841"
"May 7, 2019","1,939.99","1,949.10","1,903.38","1,921.00","5,902,134"
"May 8, 2019","1,918.87","1,935.37","1,910.00","1,917.77","4,078,568"
"May 9, 2019","1,900.00","1,909.40","1,876.00","1,899.87","5,308,263"
"May 10, 2019","1,898.00","1,903.79","1,856.00","1,889.98","5,717,994"
"May 13, 2019","1,836.56","1,846.54","1,818.00","1,822.68","5,783,410"
"May 14, 2019","1,839.50","1,852.44","1,815.75","1,840.12","4,629,107"
"May 15, 2019","1,827.95","1,874.43","1,823.00","1,871.15","4,692,642"
"May 16, 2019","1,885.94","1,917.51","1,882.29","1,907.57","4,707,822"
"May 17, 2019","1,893.05","1,910.53","1,867.33","1,869.00","4,736,618"
"May 20, 2019","1,852.69","1,867.78","1,835.54","1,858.97","3,798,198"
"May 21, 2019","1,874.79","1,879.00","1,846.00","1,857.52","4,005,122"
"May 22, 2019","1,851.78","1,871.49","1,851.00","1,859.68","2,936,601"
"May 23, 2019","1,836.59","1,844.00","1,804.20","1,815.48","4,424,265"
"May 24, 2019","1,835.89","1,841.76","1,817.85","1,823.28","3,369,673"
"May 28, 2019","1,832.75","1,849.27","1,827.35","1,836.43","3,199,965"
"May 29, 2019","1,823.12","1,830.00","1,807.53","1,819.19","4,279,025"
"May 30, 2019","1,825.49","1,829.47","1,807.83","1,816.32","3,146,850"
"May 31, 2019","1,790.01","1,795.59","1,772.70","1,775.07","4,618,819"
"Jun 3, 2019","1,760.01","1,766.29","1,672.00","1,692.69","9,098,708"
"Jun 4, 2019","1,699.24","1,730.82","1,680.89","1,729.56","5,679,121"
"Jun 5, 2019","1,749.60","1,752.00","1,715.25","1,738.50","4,239,782"
"Jun 6, 2019","1,737.71","1,760.00","1,726.13","1,754.36","3,689,272"
"Jun 7, 2019","1,763.70","1,806.25","1,759.49","1,804.03","4,808,246"
"Jun 10, 2019","1,822.00","1,884.87","1,818.00","1,860.63","5,371,007"
"Jun 11, 2019","1,883.25","1,893.70","1,858.00","1,863.70","4,042,694"
"Jun 12, 2019","1,853.98","1,865.00","1,844.38","1,855.32","2,678,335"
"Jun 13, 2019","1,866.72","1,883.09","1,862.22","1,870.30","2,795,810"
"Jun 14, 2019","1,864.00","1,876.00","1,859.00","1,869.67","2,851,163"
"Jun 17, 2019","1,876.50","1,895.69","1,875.45","1,886.03","2,634,342"
"Jun 18, 2019","1,901.35","1,921.67","1,899.79","1,901.37","3,895,728"
"Jun 19, 2019","1,907.84","1,919.58","1,892.47","1,908.79","2,895,347"
"Jun 20, 2019","1,933.33","1,935.20","1,905.80","1,918.19","3,217,153"
"Jun 21, 2019","1,916.10","1,925.95","1,907.58","1,911.30","3,933,576"
"Jun 24, 2019","1,912.66","1,916.86","1,901.30","1,913.90","2,282,969"
"Jun 25, 2019","1,911.84","1,916.39","1,872.42","1,878.27","3,012,347"
"Jun 26, 2019","1,892.48","1,903.80","1,887.32","1,897.83","2,441,910"
"Jun 27, 2019","1,902.00","1,911.24","1,898.04","1,904.28","2,141,721"
"Jun 28, 2019","1,909.10","1,912.94","1,884.00","1,893.63","3,037,358"
"Jul 1, 2019","1,922.98","1,929.82","1,914.66","1,922.19","3,203,347"
"Jul 2, 2019","1,919.38","1,934.79","1,906.63","1,934.31","2,651,299"
"Jul 3, 2019","1,935.89","1,941.59","1,930.50","1,939.00","1,690,294"
"Jul 5, 2019","1,928.60","1,945.90","1,925.30","1,942.91","2,628,359"
"Jul 8, 2019","1,934.12","1,956.00","1,928.25","1,952.32","2,883,371"
"Jul 9, 2019","1,947.80","1,990.01","1,943.48","1,988.30","4,345,698"
"Jul 10, 2019","1,996.51","2,024.94","1,995.40","2,017.41","4,931,902"
"Jul 11, 2019","2,025.62","2,035.80","1,995.30","2,001.07","4,317,766"
"Jul 12, 2019","2,008.27","2,017.00","2,003.87","2,011.00","2,509,297"
"Jul 15, 2019","2,021.40","2,022.90","2,001.55","2,020.99","2,981,343"
"Jul 16, 2019","2,010.58","2,026.32","2,001.22","2,009.90","2,618,198"
"Jul 17, 2019","2,007.05","2,012.00","1,992.03","1,992.03","2,558,809"
"Jul 18, 2019","1,980.01","1,987.50","1,951.55","1,977.90","3,504,252"
"Jul 19, 2019","1,991.21","1,996.00","1,962.23","1,964.52","3,185,612"
"Jul 22, 2019","1,971.14","1,989.00","1,958.26","1,985.63","2,908,111"
"Jul 23, 2019","1,995.99","1,997.79","1,973.13","1,994.49","2,703,480"
"Jul 24, 2019","1,969.30","2,001.30","1,965.87","2,000.81","2,631,300"
"Jul 25, 2019","2,001.00","2,001.20","1,972.72","1,973.82","4,136,461"
"Jul 26, 2019","1,942.00","1,950.90","1,924.51","1,943.05","4,927,143"
"Jul 29, 2019","1,930.00","1,932.23","1,890.54","1,912.45","4,493,190"
"Jul 30, 2019","1,891.12","1,909.89","1,883.48","1,898.53","2,910,888"
"Jul 31, 2019","1,898.11","1,899.55","1,849.44","1,866.78","4,470,727"
"Aug 1, 2019","1,871.72","1,897.92","1,844.01","1,855.32","4,713,311"
"Aug 2, 2019","1,845.07","1,846.36","1,808.02","1,823.24","4,956,225"
"Aug 5, 2019","1,770.22","1,788.67","1,748.78","1,765.13","6,058,212"
"Aug 6, 2019","1,792.23","1,793.77","1,753.40","1,787.83","5,070,258"
"Aug 7, 2019","1,773.99","1,798.93","1,757.00","1,793.40","4,526,884"
"Aug 8, 2019","1,806.00","1,834.26","1,798.11","1,832.89","3,701,242"
"Aug 9, 2019","1,828.95","1,831.09","1,802.22","1,807.58","2,879,770"
"Aug 12, 2019","1,795.99","1,800.98","1,777.00","1,784.92","2,905,498"
"Aug 13, 2019","1,783.00","1,831.74","1,780.00","1,824.34","4,075,021"
"Aug 14, 2019","1,793.01","1,795.65","1,757.22","1,762.96","4,893,649"
"Aug 15, 2019","1,781.99","1,788.00","1,761.96","1,776.12","3,809,948"
"Aug 16, 2019","1,792.89","1,802.91","1,784.55","1,792.57","3,054,240"
"Aug 19, 2019","1,818.08","1,826.00","1,812.61","1,816.12","2,820,303"
"Aug 20, 2019","1,814.50","1,816.82","1,799.88","1,801.38","1,932,835"
"Aug 21, 2019","1,819.39","1,829.58","1,815.00","1,823.54","2,039,231"
"Aug 22, 2019","1,828.00","1,829.41","1,800.10","1,805.60","2,658,388"
"Aug 23, 2019","1,793.03","1,804.90","1,745.23","1,749.62","5,277,898"
"Aug 26, 2019","1,766.91","1,770.00","1,743.51","1,768.87","3,085,320"
"Aug 27, 2019","1,775.73","1,779.40","1,746.68","1,761.83","3,027,245"
"Aug 28, 2019","1,755.00","1,767.86","1,744.05","1,764.25","2,421,893"
"Aug 29, 2019","1,783.00","1,798.55","1,777.25","1,786.40","3,018,012"
"Aug 30, 2019","1,797.49","1,799.74","1,764.57","1,776.29","3,064,147"
"Sep 3, 2019","1,770.00","1,800.80","1,768.00","1,789.84","3,546,859"
"Sep 4, 2019","1,805.00","1,807.63","1,796.23","1,800.62","2,326,228"
"Sep 5, 2019","1,821.95","1,842.00","1,815.58","1,840.72","3,325,189"
"Sep 6, 2019","1,838.22","1,840.65","1,826.40","1,833.51","2,496,933"
"Sep 9, 2019","1,841.00","1,850.00","1,824.61","1,831.35","2,999,515"
"Sep 10, 2019","1,822.75","1,825.81","1,805.34","1,820.55","2,613,879"
"Sep 11, 2019","1,812.14","1,833.42","1,809.08","1,822.99","2,432,767"
"Sep 12, 2019","1,837.63","1,853.66","1,834.28","1,843.55","2,823,505"
"Sep 13, 2019","1,842.01","1,846.12","1,835.17","1,839.34","1,971,317"
"Sep 16, 2019","1,824.02","1,825.69","1,800.20","1,807.84","3,675,473"
"Sep 17, 2019","1,807.08","1,823.99","1,804.10","1,822.55","2,033,058"
"Sep 18, 2019","1,817.04","1,822.06","1,795.50","1,817.46","2,536,012"
"Sep 19, 2019","1,821.02","1,832.57","1,817.90","1,821.50","2,078,335"
"Sep 20, 2019","1,821.71","1,830.63","1,780.92","1,794.16","5,555,839"
"Sep 23, 2019","1,777.00","1,792.70","1,767.32","1,785.30","3,139,142"
"Sep 24, 2019","1,790.61","1,795.71","1,735.55","1,741.61","4,637,901"
"Sep 25, 2019","1,747.36","1,773.00","1,723.00","1,768.33","3,531,098"
"Sep 26, 2019","1,762.79","1,763.37","1,731.50","1,739.84","3,571,952"
"Sep 27, 2019","1,748.00","1,749.12","1,713.82","1,725.45","3,948,029"
"Sep 30, 2019","1,726.99","1,737.46","1,709.22","1,735.91","2,760,768"
"Oct 1, 2019","1,746.00","1,755.60","1,728.41","1,735.65","3,170,460"
"Oct 2, 2019","1,727.74","1,728.89","1,705.00","1,713.23","3,338,476"
"Oct 3, 2019","1,713.00","1,725.00","1,685.06","1,724.42","3,624,371"
"Oct 4, 2019","1,726.02","1,740.58","1,719.23","1,739.65","2,489,277"
"Oct 7, 2019","1,731.63","1,747.83","1,723.70","1,732.66","2,187,598"
"Oct 8, 2019","1,722.49","1,727.00","1,705.00","1,705.51","2,626,840"
"Oct 9, 2019","1,719.61","1,729.95","1,714.36","1,721.99","2,089,335"
"Oct 10, 2019","1,725.24","1,738.29","1,713.75","1,720.26","2,721,531"
"Oct 11, 2019","1,742.92","1,745.45","1,729.86","1,731.92","3,279,534"
"Oct 14, 2019","1,728.91","1,741.89","1,722.00","1,736.43","1,928,898"
"Oct 15, 2019","1,742.14","1,776.45","1,740.62","1,767.38","3,129,244"
"Oct 16, 2019","1,773.33","1,786.24","1,770.52","1,777.43","2,804,068"
"Oct 17, 2019","1,796.49","1,798.85","1,782.02","1,787.48","2,713,773"
"Oct 18, 2019","1,787.80","1,793.98","1,749.20","1,757.51","3,366,091"
"Oct 21, 2019","1,769.66","1,785.88","1,765.00","1,785.66","2,224,902"
"Oct 22, 2019","1,788.15","1,789.78","1,762.00","1,765.73","2,234,425"
"Oct 23, 2019","1,761.30","1,770.05","1,742.00","1,762.17","2,190,380"
"Oct 24, 2019","1,771.09","1,788.34","1,760.27","1,780.78","5,204,350"
"Oct 25, 2019","1,697.55","1,764.21","1,695.00","1,761.33","9,626,402"
"Oct 28, 2019","1,748.06","1,778.70","1,742.50","1,777.08","3,708,851"
"Oct 29, 2019","1,774.81","1,777.00","1,755.81","1,762.71","2,276,855"
"Oct 30, 2019","1,760.24","1,782.38","1,759.12","1,779.99","2,449,405"
"Oct 31, 2019","1,775.99","1,792.00","1,771.48","1,776.66","2,781,185"
"Nov 1, 2019","1,788.01","1,797.45","1,785.21","1,791.44","2,790,354"
"Nov 4, 2019","1,801.01","1,815.06","1,801.01","1,804.66","2,771,922"
"Nov 5, 2019","1,809.16","1,810.25","1,794.00","1,801.71","1,885,543"
"Nov 6, 2019","1,801.00","1,802.50","1,788.58","1,795.77","2,029,783"
"Nov 7, 2019","1,803.76","1,805.90","1,783.48","1,788.20","2,651,086"
"Nov 8, 2019","1,787.89","1,789.88","1,774.04","1,785.88","2,126,198"
"Nov 11, 2019","1,778.00","1,780.00","1,767.13","1,771.65","1,947,810"
"Nov 12, 2019","1,774.66","1,786.22","1,771.91","1,778.00","2,038,925"
"Nov 13, 2019","1,773.39","1,775.00","1,747.32","1,753.11","2,926,892"
"Nov 14, 2019","1,751.43","1,766.59","1,749.56","1,754.60","2,269,417"
"Nov 15, 2019","1,760.05","1,761.68","1,732.86","1,739.49","3,931,141"
"Nov 18, 2019","1,738.30","1,753.70","1,722.71","1,752.53","2,841,907"
"Nov 19, 2019","1,756.99","1,760.68","1,743.03","1,752.79","2,274,535"
"Nov 20, 2019","1,749.14","1,762.52","1,734.12","1,745.53","2,793,759"
"Nov 21, 2019","1,743.00","1,746.87","1,730.36","1,734.71","2,662,938"
"Nov 22, 2019","1,739.02","1,746.43","1,731.00","1,745.72","2,479,081"
"Nov 25, 2019","1,753.25","1,777.42","1,753.24","1,773.84","3,489,467"
"Nov 26, 2019","1,779.92","1,797.03","1,778.35","1,796.94","3,190,428"
"Nov 27, 2019","1,801.00","1,824.50","1,797.31","1,818.51","3,035,846"
"Nov 29, 2019","1,817.78","1,824.69","1,800.79","1,800.80","1,923,440"
"Dec 2, 2019","1,804.40","1,805.55","1,762.68","1,781.60","3,931,750"
"Dec 3, 2019","1,760.00","1,772.87","1,747.23","1,769.96","3,529,582"
"Dec 4, 2019","1,774.01","1,789.09","1,760.22","1,760.69","2,680,700"
"Dec 5, 2019","1,763.50","1,763.50","1,740.00","1,740.48","2,827,852"
"Dec 6, 2019","1,751.20","1,754.40","1,740.13","1,751.60","3,119,979"
"Dec 9, 2019","1,750.66","1,766.89","1,745.61","1,749.51","2,502,489"
"Dec 10, 2019","1,747.40","1,750.67","1,735.00","1,739.21","2,515,644"
"Dec 11, 2019","1,741.67","1,750.00","1,735.71","1,748.72","2,101,318"
"Dec 12, 2019","1,750.00","1,764.00","1,745.44","1,760.33","3,103,949"
"Dec 13, 2019","1,765.00","1,768.99","1,755.00","1,760.94","2,747,909"
"Dec 16, 2019","1,767.00","1,769.50","1,757.05","1,769.21","3,149,345"
"Dec 17, 2019","1,778.01","1,792.00","1,777.39","1,790.66","3,646,697"
"Dec 18, 2019","1,795.02","1,798.20","1,782.36","1,784.03","3,352,187"
"Dec 19, 2019","1,780.50","1,792.99","1,774.06","1,792.28","2,738,320"
"Dec 20, 2019","1,799.62","1,802.97","1,782.45","1,786.50","5,152,460"
"Dec 23, 2019","1,788.26","1,793.00","1,784.51","1,793.00","2,137,493"
"Dec 24, 2019","1,793.81","1,795.57","1,787.58","1,789.21","881,337"
"Dec 26, 2019","1,801.01","1,870.46","1,799.50","1,868.77","6,024,608"
"Dec 27, 2019","1,882.92","1,901.40","1,866.01","1,869.80","6,188,754"
"Dec 30, 2019","1,874.00","1,884.00","1,840.62","1,846.89","3,677,306"
"Dec 31, 2019","1,842.00","1,853.26","1,832.23","1,847.84","2,510,380"
"Jan 2, 2020","1,875.00","1,898.01","1,864.15","1,898.01","4,035,910"
"Jan 3, 2020","1,864.50","1,886.20","1,864.50","1,874.97","3,766,604"
"Jan 6, 2020","1,860.00","1,903.69","1,860.00","1,902.88","4,065,698"
"Jan 7, 2020","1,904.50","1,913.89","1,892.04","1,906.86","4,134,010"
"Jan 8, 2020","1,898.04","1,911.00","1,886.44","1,891.97","3,511,966"
"Jan 9, 2020","1,909.89","1,917.82","1,895.80","1,901.05","3,174,962"
"Jan 10, 2020","1,905.37","1,906.94","1,880.00","1,883.16","2,856,959"
"Jan 13, 2020","1,891.31","1,898.00","1,880.80","1,891.30","2,785,844"
"Jan 14, 2020","1,885.88","1,887.11","1,858.55","1,869.44","3,446,381"
"Jan 15, 2020","1,872.25","1,878.86","1,855.09","1,862.02","2,896,592"
"Jan 16, 2020","1,882.99","1,885.59","1,866.02","1,877.94","2,659,493"
"Jan 17, 2020","1,885.89","1,886.64","1,857.25","1,864.72","3,997,340"
"Jan 21, 2020","1,865.00","1,894.27","1,860.00","1,892.00","3,707,785"
"Jan 22, 2020","1,896.09","1,902.50","1,883.34","1,887.46","3,216,257"
"Jan 23, 2020","1,885.11","1,889.98","1,872.76","1,884.58","2,484,613"
"Jan 24, 2020","1,891.37","1,894.99","1,847.44","1,861.64","3,766,181"
"Jan 27, 2020","1,820.00","1,841.00","1,815.34","1,828.34","3,528,509"
"Jan 28, 2020","1,840.50","1,858.11","1,830.02","1,853.25","2,808,040"
"Jan 29, 2020","1,864.00","1,874.75","1,855.02","1,858.00","2,101,390"
"Jan 30, 2020","1,858.00","1,872.87","1,850.61","1,870.68","6,327,438"
"Jan 31, 2020","2,051.47","2,055.72","2,002.27","2,008.72","15,567,283"
"Feb 3, 2020","2,010.60","2,048.50","2,000.25","2,004.20","5,899,094"
"Feb 4, 2020","2,029.88","2,059.80","2,015.37","2,049.67","5,289,338"
"Feb 5, 2020","2,071.02","2,071.02","2,032.00","2,039.87","4,376,174"
"Feb 6, 2020","2,041.02","2,056.30","2,024.80","2,050.23","3,182,954"
"Feb 7, 2020","2,041.99","2,098.53","2,038.10","2,079.28","5,095,347"
"Feb 10, 2020","2,085.01","2,135.60","2,084.96","2,133.91","5,056,235"
"Feb 11, 2020","2,150.90","2,185.95","2,136.00","2,150.80","5,746,011"
"Feb 12, 2020","2,163.20","2,180.25","2,155.29","2,160.00","3,334,264"
"Feb 13, 2020","2,144.99","2,170.28","2,142.00","2,149.87","3,031,791"
"Feb 14, 2020","2,155.68","2,159.04","2,125.89","2,134.87","2,606,169"
"Feb 18, 2020","2,125.02","2,166.07","2,124.11","2,155.67","2,951,070"
"Feb 19, 2020","2,167.80","2,185.10","2,161.12","2,170.22","2,561,165"
"Feb 20, 2020","2,173.07","2,176.79","2,127.45","2,153.10","3,131,342"
"Feb 21, 2020","2,142.15","2,144.55","2,088.00","2,095.97","4,650,740"
"Feb 24, 2020","2,003.18","2,039.30","1,987.97","2,009.29","6,546,997"
"Feb 25, 2020","2,026.42","2,034.60","1,958.42","1,972.74","6,219,094"
"Feb 26, 2020","1,970.28","2,014.67","1,960.45","1,979.59","5,240,402"
"Feb 27, 2020","1,934.38","1,975.00","1,882.76","1,884.30","8,143,993"
"Feb 28, 2020","1,814.63","1,889.76","1,811.13","1,883.75","9,493,797"
"Mar 2, 2020","1,906.49","1,954.51","1,870.00","1,953.95","6,761,651"
"Mar 3, 2020","1,975.37","1,996.33","1,888.09","1,908.99","7,534,491"
"Mar 4, 2020","1,946.57","1,978.00","1,922.00","1,975.83","4,772,919"
"Mar 5, 2020","1,933.00","1,960.72","1,910.00","1,924.03","4,748,210"
"Mar 6, 2020","1,875.00","1,910.87","1,869.50","1,901.09","5,273,580"
"Mar 9, 2020","1,773.86","1,862.77","1,761.29","1,800.61","7,813,232"
"Mar 10, 2020","1,870.88","1,894.27","1,818.17","1,891.82","7,133,310"
"Mar 11, 2020","1,857.85","1,871.32","1,801.50","1,820.86","5,646,831"
"Mar 12, 2020","1,721.98","1,765.00","1,675.00","1,676.61","11,346,214"
"Mar 13, 2020","1,755.00","1,786.31","1,680.62","1,785.00","8,809,725"
"Mar 16, 2020","1,641.51","1,759.45","1,626.03","1,689.15","8,917,265"
"Mar 17, 2020","1,775.47","1,857.78","1,689.24","1,807.84","10,917,129"
"Mar 18, 2020","1,750.00","1,841.66","1,745.00","1,830.00","9,645,218"
"Mar 19, 2020","1,860.00","1,945.00","1,832.65","1,880.93","10,399,943"
"Mar 20, 2020","1,926.31","1,957.00","1,820.73","1,846.09","9,817,850"
"Mar 23, 2020","1,827.75","1,919.40","1,812.00","1,902.83","7,808,489"
"Mar 24, 2020","1,951.50","1,955.00","1,900.34","1,940.10","7,147,080"
"Mar 25, 2020","1,920.69","1,950.26","1,885.78","1,885.84","6,479,073"
"Mar 26, 2020","1,902.00","1,956.49","1,889.29","1,955.49","6,235,118"
"Mar 27, 2020","1,930.86","1,939.79","1,899.92","1,900.10","5,387,897"
"Mar 30, 2020","1,922.83","1,973.63","1,912.34","1,963.95","6,126,087"
"Mar 31, 2020","1,964.35","1,993.02","1,944.01","1,949.72","5,123,626"
"Apr 1, 2020","1,932.97","1,944.96","1,893.00","1,907.70","4,121,875"
"Apr 2, 2020","1,901.64","1,927.53","1,890.00","1,918.83","4,335,985"
"Apr 3, 2020","1,911.15","1,926.33","1,889.15","1,906.59","3,609,870"
"Apr 6, 2020","1,936.00","1,998.52","1,930.02","1,997.59","5,773,181"
"Apr 7, 2020","2,017.11","2,035.72","1,997.62","2,011.60","5,113,983"
"Apr 8, 2020","2,021.00","2,044.00","2,011.15","2,043.00","3,977,313"
"Apr 9, 2020","2,044.30","2,053.00","2,017.66","2,042.76","4,655,617"
"Apr 13, 2020","2,040.00","2,180.00","2,038.00","2,168.87","6,716,709"
"Apr 14, 2020","2,200.47","2,292.00","2,186.21","2,283.32","8,087,193"
"Apr 15, 2020","2,257.68","2,333.37","2,245.00","2,307.68","6,866,567"
"Apr 16, 2020","2,346.00","2,461.00","2,335.00","2,408.19","12,038,201"
"Apr 17, 2020","2,372.33","2,400.00","2,316.02","2,375.00","7,930,010"
"Apr 20, 2020","2,389.95","2,444.98","2,386.05","2,393.61","5,770,694"
"Apr 21, 2020","2,416.61","2,428.31","2,279.66","2,328.12","7,476,679"
"Apr 22, 2020","2,369.00","2,394.00","2,351.00","2,363.49","4,218,295"
"Apr 23, 2020","2,399.98","2,424.22","2,382.08","2,399.45","5,066,552"
"Apr 24, 2020","2,417.00","2,420.43","2,382.00","2,410.22","3,831,797"
"Apr 27, 2020","2,443.20","2,444.88","2,363.00","2,376.00","5,645,645"
"Apr 28, 2020","2,372.10","2,373.50","2,306.00","2,314.08","5,269,446"
"Apr 29, 2020","2,330.01","2,391.89","2,310.00","2,372.71","4,591,593"
"Apr 30, 2020","2,419.84","2,475.00","2,396.01","2,474.00","9,534,611"
"May 1, 2020","2,336.80","2,362.44","2,258.19","2,286.04","9,772,605"
"May 4, 2020","2,256.38","2,326.98","2,256.38","2,315.99","4,865,926"
"May 5, 2020","2,340.00","2,351.00","2,307.13","2,317.80","3,242,496"
"May 6, 2020","2,329.44","2,357.45","2,320.00","2,351.26","3,117,814"
"May 7, 2020","2,374.78","2,376.00","2,343.11","2,367.61","3,396,411"
"May 8, 2020","2,372.14","2,387.24","2,357.00","2,379.61","3,211,228"
"May 11, 2020","2,374.70","2,419.67","2,372.11","2,409.00","3,259,231"
"May 12, 2020","2,411.85","2,419.00","2,355.00","2,356.95","3,074,916"
"May 13, 2020","2,366.80","2,407.70","2,337.80","2,367.92","4,782,919"
"May 14, 2020","2,361.01","2,391.37","2,353.21","2,388.85","3,648,128"
"May 15, 2020","2,368.52","2,411.00","2,356.37","2,409.78","4,234,951"
"May 18, 2020","2,404.35","2,433.00","2,384.01","2,426.26","4,366,572"
"May 19, 2020","2,429.83","2,485.00","2,428.97","2,449.33","4,320,498"
"May 20, 2020","2,477.87","2,500.01","2,467.27","2,497.94","3,998,143"
"May 21, 2020","2,500.00","2,525.45","2,442.54","2,446.74","5,114,403"
"May 22, 2020","2,455.01","2,469.85","2,430.13","2,436.88","2,867,079"
"May 26, 2020","2,458.00","2,462.00","2,414.06","2,421.86","3,568,153"
"May 27, 2020","2,404.99","2,413.58","2,330.00","2,410.39","5,056,945"
"May 28, 2020","2,384.33","2,436.97","2,378.23","2,401.10","3,193,136"
"May 29, 2020","2,415.94","2,442.37","2,398.20","2,442.37","3,529,329"
"Jun 1, 2020","2,448.00","2,476.93","2,444.17","2,471.04","2,938,032"
"Jun 2, 2020","2,467.00","2,473.53","2,445.31","2,472.41","2,529,903"
"Jun 3, 2020","2,468.01","2,488.00","2,461.17","2,478.40","2,671,024"
"Jun 4, 2020","2,477.43","2,507.54","2,450.01","2,460.60","2,948,710"
"Jun 5, 2020","2,444.51","2,488.65","2,437.13","2,483.00","3,306,445"
"Jun 8, 2020","2,500.20","2,530.00","2,487.34","2,524.06","3,970,654"
"Jun 9, 2020","2,529.44","2,626.43","2,525.00","2,600.86","5,175,950"
"Jun 10, 2020","2,645.00","2,722.35","2,626.26","2,647.45","4,946,031"
"Jun 11, 2020","2,603.50","2,671.38","2,536.23","2,557.96","5,800,107"
"Jun 12, 2020","2,601.21","2,621.48","2,503.35","2,545.02","5,436,127"
"Jun 15, 2020","2,526.60","2,584.00","2,508.00","2,572.68","3,873,335"
"Jun 16, 2020","2,620.00","2,620.00","2,576.00","2,615.27","3,595,649"
"Jun 17, 2020","2,647.50","2,655.00","2,631.82","2,640.98","2,959,316"
"Jun 18, 2020","2,647.01","2,659.64","2,636.11","2,653.98","2,487,774"
"Jun 19, 2020","2,678.08","2,697.43","2,659.00","2,675.01","5,776,963"
"Jun 22, 2020","2,684.50","2,715.00","2,669.00","2,713.82","3,208,780"
"Jun 23, 2020","2,726.02","2,783.11","2,718.04","2,764.41","4,231,707"
"Jun 24, 2020","2,780.00","2,796.00","2,721.00","2,734.40","4,526,605"
"Jun 25, 2020","2,739.55","2,756.23","2,712.14","2,754.58","2,968,657"
"Jun 26, 2020","2,775.06","2,782.57","2,688.00","2,692.87","6,500,784"
"Jun 29, 2020","2,690.01","2,696.80","2,630.08","2,680.38","4,223,422"
"Jun 30, 2020","2,685.07","2,769.63","2,675.03","2,758.82","3,769,686"
"Jul 1, 2020","2,757.99","2,895.00","2,754.00","2,878.70","6,363,439"
"Jul 2, 2020","2,912.01","2,955.56","2,871.10","2,890.30","6,593,387"
"Jul 6, 2020","2,934.97","3,059.88","2,930.00","3,057.04","6,880,642"
"Jul 7, 2020","3,058.55","3,069.55","2,990.00","3,000.12","5,257,514"
"Jul 8, 2020","3,022.61","3,083.97","3,012.43","3,081.11","5,037,635"
"Jul 9, 2020","3,115.99","3,193.88","3,074.00","3,182.63","6,388,659"
"Jul 10, 2020","3,191.76","3,215.00","3,135.70","3,200.00","5,485,982"
"Jul 13, 2020","3,251.06","3,344.29","3,068.39","3,104.00","7,720,420"
"Jul 14, 2020","3,089.00","3,127.38","2,950.00","3,084.00","7,231,933"
"Jul 15, 2020","3,080.23","3,098.35","2,973.18","3,008.87","5,788,874"
"Jul 16, 2020","2,971.06","3,032.00","2,918.23","2,999.90","6,394,246"
"Jul 17, 2020","3,009.00","3,024.00","2,948.45","2,961.97","4,761,319"
"Jul 20, 2020","3,000.20","3,201.36","2,994.02","3,196.84","7,598,176"
"Jul 21, 2020","3,232.49","3,240.58","3,105.72","3,138.29","6,134,965"
"Jul 22, 2020","3,125.00","3,150.00","3,065.26","3,099.91","4,104,225"
"Jul 23, 2020","3,098.27","3,098.27","2,970.00","2,986.55","5,656,906"
"Jul 24, 2020","2,930.00","3,031.58","2,888.00","3,008.91","5,632,413"
"Jul 27, 2020","3,062.00","3,098.00","3,015.77","3,055.21","4,170,492"
"Jul 28, 2020","3,054.27","3,077.09","2,995.76","3,000.33","3,126,651"
"Jul 29, 2020","3,030.99","3,039.16","2,996.77","3,033.53","2,974,060"
"Jul 30, 2020","3,014.00","3,092.00","3,005.00","3,051.88","6,128,265"
"Jul 31, 2020","3,244.00","3,246.82","3,151.00","3,164.68","8,083,369"
"Aug 3, 2020","3,180.51","3,184.00","3,104.00","3,111.89","5,074,663"
"Aug 4, 2020","3,101.21","3,167.24","3,101.21","3,138.83","4,694,294"
"Aug 5, 2020","3,143.77","3,213.59","3,127.30","3,205.03","3,930,025"
"Aug 6, 2020","3,194.36","3,247.47","3,165.43","3,225.00","3,940,602"
"Aug 7, 2020","3,224.01","3,240.81","3,140.67","3,167.46","3,936,127"
"Aug 10, 2020","3,170.31","3,172.51","3,101.52","3,148.16","3,167,274"
"Aug 11, 2020","3,113.20","3,159.22","3,073.00","3,080.67","3,718,057"
"Aug 12, 2020","3,108.00","3,174.39","3,101.42","3,162.24","3,527,229"
"Aug 13, 2020","3,182.99","3,217.52","3,155.00","3,161.02","3,149,043"
"Aug 14, 2020","3,178.18","3,178.24","3,120.00","3,148.02","2,751,723"
"Aug 17, 2020","3,173.12","3,194.97","3,154.18","3,182.41","2,691,237"
"Aug 18, 2020","3,212.00","3,320.00","3,205.82","3,312.49","5,345,974"
"Aug 19, 2020","3,303.01","3,315.90","3,256.00","3,260.48","4,185,137"
"Aug 20, 2020","3,252.00","3,312.62","3,238.00","3,297.37","3,332,478"
"Aug 21, 2020","3,295.00","3,314.40","3,275.39","3,284.72","3,575,862"
"Aug 24, 2020","3,310.15","3,380.32","3,257.56","3,307.46","4,666,258"
"Aug 25, 2020","3,294.99","3,357.40","3,267.00","3,346.49","3,992,842"
"Aug 26, 2020","3,351.11","3,451.74","3,344.57","3,441.85","6,508,743"
"Aug 27, 2020","3,450.05","3,453.00","3,378.00","3,400.00","4,264,795"
"Aug 28, 2020","3,423.00","3,433.37","3,386.50","3,401.80","2,896,978"
"Aug 31, 2020","3,408.99","3,495.00","3,405.00","3,450.96","4,185,885"
"Sep 1, 2020","3,489.58","3,513.87","3,467.00","3,499.12","3,476,407"
"Sep 2, 2020","3,547.00","3,552.25","3,486.69","3,531.45","3,931,476"
"Sep 3, 2020","3,485.00","3,488.41","3,303.00","3,368.00","8,161,113"
"Sep 4, 2020","3,318.00","3,381.50","3,111.13","3,294.62","8,781,754"
"Sep 8, 2020","3,144.00","3,250.85","3,130.00","3,149.84","6,094,205"
"Sep 9, 2020","3,202.99","3,303.18","3,185.00","3,268.61","5,188,675"
"Sep 10, 2020","3,307.22","3,349.89","3,170.55","3,175.11","5,330,741"
"Sep 11, 2020","3,208.69","3,217.34","3,083.98","3,116.22","5,093,982"
"Sep 14, 2020","3,172.94","3,187.39","3,096.00","3,102.97","4,529,596"
"Sep 15, 2020","3,136.16","3,175.02","3,108.92","3,156.13","4,021,535"
"Sep 16, 2020","3,179.99","3,187.24","3,074.15","3,078.10","4,531,189"
"Sep 17, 2020","3,009.25","3,029.43","2,972.55","3,008.73","6,449,050"
"Sep 18, 2020","3,031.74","3,037.80","2,905.54","2,954.91","8,892,580"
"Sep 21, 2020","2,906.50","2,962.00","2,871.00","2,960.47","6,117,925"
"Sep 22, 2020","3,033.84","3,133.99","3,000.20","3,128.99","6,948,816"
"Sep 23, 2020","3,120.43","3,127.00","2,992.38","2,999.86","5,652,665"
"Sep 24, 2020","2,977.79","3,069.30","2,965.00","3,019.79","5,529,392"
"Sep 25, 2020","3,054.86","3,101.54","2,999.00","3,095.13","4,615,202"
"Sep 28, 2020","3,148.85","3,175.04","3,117.17","3,174.05","4,224,165"
"Sep 29, 2020","3,175.39","3,188.26","3,132.54","3,144.88","3,503,398"
"Sep 30, 2020","3,141.14","3,212.88","3,133.99","3,148.73","4,896,101"
"Oct 1, 2020","3,208.00","3,224.00","3,172.00","3,221.26","4,971,922"
"Oct 2, 2020","3,153.63","3,195.80","3,123.00","3,125.00","5,613,098"
"Oct 5, 2020","3,145.84","3,202.53","3,140.85","3,199.20","3,775,332"
"Oct 6, 2020","3,165.00","3,182.00","3,090.00","3,099.96","5,086,857"
"Oct 7, 2020","3,135.00","3,200.00","3,132.39","3,195.69","4,309,439"
"Oct 8, 2020","3,224.99","3,233.29","3,174.99","3,190.55","3,174,114"
"Oct 9, 2020","3,210.00","3,288.99","3,197.83","3,286.65","4,907,871"
"Oct 12, 2020","3,349.94","3,496.24","3,339.55","3,442.93","8,364,198"
"Oct 13, 2020","3,467.99","3,492.38","3,424.22","3,443.63","5,744,697"
"Oct 14, 2020","3,447.00","3,464.88","3,340.00","3,363.71","5,828,916"
"Oct 15, 2020","3,292.01","3,355.88","3,280.00","3,338.65","5,223,448"
"Oct 16, 2020","3,363.23","3,399.66","3,160.00","3,272.71","6,474,353"
"Oct 19, 2020","3,299.61","3,329.00","3,192.74","3,207.21","5,223,626"
"Oct 20, 2020","3,222.28","3,266.00","3,192.01","3,217.01","4,509,678"
"Oct 21, 2020","3,212.50","3,233.88","3,160.00","3,184.94","4,592,736"
"Oct 22, 2020","3,189.87","3,198.75","3,121.94","3,176.40","4,212,005"
"Oct 23, 2020","3,191.00","3,205.33","3,140.00","3,204.40","3,466,687"
"Oct 26, 2020","3,198.74","3,282.98","3,153.30","3,207.04","5,901,151"
"Oct 27, 2020","3,224.94","3,291.66","3,211.30","3,286.33","4,291,047"
"Oct 28, 2020","3,249.30","3,264.02","3,162.47","3,162.78","5,588,330"
"Oct 29, 2020","3,201.27","3,257.25","3,164.00","3,211.01","6,596,529"
"Oct 30, 2020","3,157.75","3,167.00","3,019.00","3,036.15","8,396,081"
"Nov 2, 2020","3,061.74","3,079.71","2,950.12","3,004.48","7,257,350"
"Nov 3, 2020","3,018.53","3,074.90","2,980.98","3,048.41","4,897,880"
"Nov 4, 2020","3,159.99","3,244.85","3,139.73","3,241.16","6,839,041"
"Nov 5, 2020","3,319.97","3,366.80","3,288.88","3,322.00","5,789,285"
"Nov 6, 2020","3,304.64","3,322.00","3,232.00","3,311.37","4,647,330"
"Nov 9, 2020","3,231.03","3,289.00","3,112.11","3,143.74","7,190,406"
"Nov 10, 2020","3,095.02","3,114.00","3,019.48","3,035.02","6,590,956"
"Nov 11, 2020","3,061.78","3,139.15","3,050.00","3,137.39","4,366,923"
"Nov 12, 2020","3,159.95","3,175.88","3,086.05","3,110.28","4,371,208"
"Nov 13, 2020","3,122.00","3,141.72","3,085.39","3,128.81","3,762,587"
"Nov 16, 2020","3,093.20","3,142.70","3,072.69","3,131.06","3,808,676"
"Nov 17, 2020","3,183.54","3,189.25","3,135.26","3,135.66","3,444,735"
"Nov 18, 2020","3,134.00","3,140.00","3,105.10","3,105.46","2,916,836"
"Nov 19, 2020","3,105.31","3,125.00","3,080.92","3,117.02","3,010,270"
"Nov 20, 2020","3,117.02","3,132.89","3,098.05","3,099.40","3,380,138"
"Nov 23, 2020","3,116.70","3,139.75","3,065.46","3,098.39","4,708,887"
"Nov 24, 2020","3,100.50","3,134.25","3,086.26","3,118.06","3,602,102"
"Nov 25, 2020","3,141.87","3,198.00","3,140.26","3,185.07","3,790,403"
"Nov 27, 2020","3,211.26","3,216.19","3,190.05","3,195.34","2,392,867"
"Nov 30, 2020","3,208.48","3,228.39","3,125.55","3,168.04","4,063,916"
"Dec 1, 2020","3,188.50","3,248.95","3,157.18","3,220.08","4,544,382"
"Dec 2, 2020","3,221.65","3,232.00","3,173.26","3,203.53","3,129,304"
"Dec 3, 2020","3,205.46","3,228.64","3,181.31","3,186.73","2,892,039"
"Dec 4, 2020","3,198.21","3,198.21","3,158.76","3,162.58","2,913,611"
"Dec 7, 2020","3,156.48","3,180.76","3,141.69","3,158.00","2,751,316"
"Dec 8, 2020","3,158.90","3,184.13","3,120.02","3,177.29","3,286,303"
"Dec 9, 2020","3,167.89","3,174.43","3,088.00","3,104.20","4,100,836"
"Dec 10, 2020","3,088.99","3,142.10","3,076.00","3,101.49","3,030,186"
"Dec 11, 2020","3,096.66","3,118.67","3,072.82","3,116.42","3,064,695"
"Dec 14, 2020","3,143.00","3,190.47","3,126.00","3,156.97","4,155,794"
"Dec 15, 2020","3,181.01","3,188.50","3,130.49","3,165.12","3,323,686"
"Dec 16, 2020","3,176.01","3,247.00","3,163.68","3,240.96","4,427,616"
"Dec 17, 2020","3,250.00","3,263.51","3,221.00","3,236.08","3,474,347"
"Dec 18, 2020","3,243.99","3,249.42","3,171.60","3,201.65","5,995,713"
"Dec 21, 2020","3,200.01","3,226.97","3,166.00","3,206.18","3,836,846"
"Dec 22, 2020","3,202.84","3,222.00","3,180.08","3,206.52","2,381,781"
"Dec 23, 2020","3,205.00","3,210.13","3,184.17","3,185.27","2,093,787"
"Dec 24, 2020","3,193.90","3,202.00","3,169.00","3,172.69","1,451,917"
"Dec 28, 2020","3,194.00","3,304.00","3,172.69","3,283.96","5,686,787"
"Dec 29, 2020","3,309.94","3,350.65","3,281.22","3,322.00","4,872,933"
"Dec 30, 2020","3,341.00","3,342.10","3,282.47","3,285.85","3,209,310"
"Dec 31, 2020","3,275.00","3,282.92","3,241.20","3,256.93","2,957,206"
"Jan 4, 2021","3,270.00","3,272.00","3,144.02","3,186.63","4,411,449"
"Jan 5, 2021","3,166.01","3,223.38","3,165.06","3,218.51","2,655,548"
"Jan 6, 2021","3,146.48","3,197.51","3,131.16","3,138.38","4,394,815"
"Jan 7, 2021","3,157.00","3,208.54","3,155.00","3,162.16","3,514,545"
"Jan 8, 2021","3,180.00","3,190.64","3,142.20","3,182.70","3,537,744"
"Jan 11, 2021","3,148.01","3,156.38","3,110.00","3,114.21","3,669,095"
"Jan 12, 2021","3,120.00","3,142.14","3,086.00","3,120.83","3,514,582"
"Jan 13, 2021","3,128.44","3,189.95","3,122.08","3,165.89","3,321,244"
"Jan 14, 2021","3,167.52","3,178.00","3,120.59","3,127.47","3,070,919"
"Jan 15, 2021","3,123.02","3,142.55","3,095.17","3,104.25","4,243,995"
"Jan 19, 2021","3,107.00","3,145.00","3,096.00","3,120.76","3,305,142"
"Jan 20, 2021","3,181.99","3,279.80","3,175.00","3,263.38","5,309,835"
"Jan 21, 2021","3,293.00","3,348.55","3,289.57","3,306.99","4,945,051"
"Jan 22, 2021","3,304.31","3,321.91","3,283.16","3,292.23","2,821,914"
"Jan 25, 2021","3,328.50","3,363.89","3,243.15","3,294.00","3,749,758"
"Jan 26, 2021","3,296.36","3,338.00","3,282.87","3,326.13","2,955,235"
"Jan 27, 2021","3,341.49","3,346.52","3,207.08","3,232.58","4,660,158"
"Jan 28, 2021","3,235.04","3,301.68","3,228.69","3,237.62","3,149,228"
"Jan 29, 2021","3,230.00","3,236.99","3,184.55","3,206.20","4,293,556"
"Feb 1, 2021","3,242.36","3,350.26","3,235.03","3,342.88","4,160,212"
"Feb 2, 2021","3,380.00","3,427.74","3,361.13","3,380.00","7,098,637"
"Feb 3, 2021","3,425.01","3,434.00","3,308.62","3,312.53","7,088,781"
"Feb 4, 2021","3,330.00","3,347.00","3,277.75","3,331.00","3,670,661"
"Feb 5, 2021","3,319.00","3,377.00","3,302.71","3,352.15","3,620,808"
"Feb 8, 2021","3,358.50","3,365.00","3,304.00","3,322.94","3,257,391"
"Feb 9, 2021","3,312.49","3,338.00","3,297.84","3,305.00","2,203,526"
"Feb 10, 2021","3,314.00","3,317.95","3,254.00","3,286.58","3,151,550"
"Feb 11, 2021","3,292.00","3,292.00","3,248.06","3,262.13","2,301,417"
"Feb 12, 2021","3,250.00","3,280.25","3,233.31","3,277.71","2,335,339"
"Feb 16, 2021","3,254.05","3,308.30","3,253.59","3,268.95","2,574,721"
"Feb 17, 2021","3,263.60","3,320.91","3,259.50","3,308.64","3,302,099"
"Feb 18, 2021","3,282.42","3,338.00","3,273.94","3,328.23","3,033,607"
"Feb 19, 2021","3,328.23","3,333.50","3,245.75","3,249.90","4,305,184"
"Feb 22, 2021","3,208.13","3,232.32","3,172.26","3,180.74","3,515,679"
"Feb 23, 2021","3,127.03","3,204.73","3,093.60","3,194.50","4,677,222"
"Feb 24, 2021","3,166.75","3,171.23","3,125.38","3,159.53","3,011,275"
"Feb 25, 2021","3,136.74","3,178.26","3,047.76","3,057.16","4,533,801"
"Feb 26, 2021","3,095.20","3,122.44","3,036.70","3,092.93","4,275,930"
"Mar 1, 2021","3,127.89","3,149.56","3,097.99","3,146.14","2,733,963"
"Mar 2, 2021","3,143.47","3,163.52","3,087.12","3,094.53","2,595,762"
"Mar 3, 2021","3,081.18","3,107.78","2,995.00","3,005.00","3,988,725"
"Mar 4, 2021","3,012.00","3,058.13","2,945.43","2,977.57","5,481,578"
"Mar 5, 2021","3,005.00","3,009.00","2,881.00","3,000.46","5,388,551"
"Mar 8, 2021","3,015.00","3,064.59","2,951.31","2,951.95","4,185,008"
"Mar 9, 2021","3,017.99","3,090.96","3,005.15","3,062.85","4,030,032"
"Mar 10, 2021","3,098.45","3,116.46","3,030.05","3,057.64","3,012,489"
"Mar 11, 2021","3,104.01","3,131.78","3,082.93","3,113.59","2,776,391"
"Mar 12, 2021","3,075.00","3,098.98","3,045.50","3,089.49","2,421,888"
"Mar 15, 2021","3,074.57","3,082.24","3,032.09","3,081.68","2,918,592"
"Mar 16, 2021","3,104.97","3,128.91","3,075.86","3,091.86","2,538,764"
"Mar 17, 2021","3,073.22","3,173.05","3,070.22","3,135.73","3,118,584"
"Mar 18, 2021","3,101.00","3,116.63","3,025.00","3,027.99","3,657,027"
"Mar 19, 2021","3,029.23","3,077.29","3,016.63","3,074.96","4,625,354"
"Mar 22, 2021","3,067.85","3,126.58","3,060.05","3,110.87","2,902,179"
"Mar 23, 2021","3,127.00","3,182.00","3,120.85","3,137.50","3,817,263"
"Mar 24, 2021","3,151.04","3,160.31","3,085.15","3,087.07","2,958,981"
"Mar 25, 2021","3,072.99","3,109.78","3,037.14","3,046.26","3,563,469"
"Mar 26, 2021","3,044.06","3,056.66","2,996.00","3,052.03","3,312,924"
"Mar 29, 2021","3,055.44","3,091.25","3,028.45","3,075.73","2,745,968"
"Mar 30, 2021","3,070.01","3,073.00","3,034.00","3,055.29","2,337,603"
"Mar 31, 2021","3,064.06","3,119.33","3,062.50","3,094.08","3,093,896"
"Apr 1, 2021","3,117.94","3,162.44","3,115.55","3,161.00","2,940,318"
"Apr 5, 2021","3,173.00","3,235.96","3,161.24","3,226.73","3,334,882"
"Apr 6, 2021","3,223.75","3,247.31","3,217.04","3,223.82","2,537,809"
"Apr 7, 2021","3,233.80","3,303.61","3,223.65","3,279.39","3,346,227"
"Apr 8, 2021","3,310.90","3,324.50","3,292.00","3,299.30","2,812,090"
"Apr 9, 2021","3,304.70","3,372.20","3,288.90","3,372.20","4,341,473"
"Apr 12, 2021","3,355.21","3,395.04","3,351.15","3,379.39","3,281,798"
"Apr 13, 2021","3,400.85","3,432.00","3,395.63","3,400.00","3,315,837"
"Apr 14, 2021","3,404.04","3,404.13","3,326.00","3,333.00","3,145,204"
"Apr 15, 2021","3,371.00","3,397.00","3,352.00","3,379.09","3,233,580"
"Apr 16, 2021","3,380.00","3,406.80","3,355.59","3,399.44","3,186,049"
"Apr 19, 2021","3,390.33","3,435.93","3,360.16","3,372.01","2,725,405"
"Apr 20, 2021","3,373.60","3,382.99","3,316.00","3,334.69","2,623,032"
"Apr 21, 2021","3,316.00","3,362.86","3,303.81","3,362.02","2,211,166"
"Apr 22, 2021","3,371.68","3,372.87","3,301.45","3,309.04","2,580,590"
"Apr 23, 2021","3,319.10","3,375.00","3,308.50","3,340.88","3,196,652"
"Apr 26, 2021","3,348.00","3,428.45","3,330.94","3,409.00","4,880,708"
"Apr 27, 2021","3,443.47","3,460.00","3,398.01","3,417.43","3,827,140"
"Apr 28, 2021","3,434.80","3,489.88","3,425.00","3,458.50","4,631,884"
"Apr 29, 2021","3,505.10","3,514.45","3,435.00","3,471.31","7,682,381"
"Apr 30, 2021","3,525.12","3,554.00","3,462.50","3,467.42","7,009,346"
"May 3, 2021","3,484.73","3,486.65","3,372.70","3,386.49","5,875,530"
"May 4, 2021","3,356.19","3,367.98","3,272.13","3,311.87","5,439,449"
"May 5, 2021","3,338.86","3,354.70","3,264.36","3,270.54","3,711,308"
"May 6, 2021","3,270.00","3,314.40","3,247.20","3,306.37","4,447,696"
"May 7, 2021","3,319.09","3,330.89","3,289.07","3,291.61","4,710,276"
"May 10, 2021","3,282.32","3,283.00","3,190.00","3,190.49","5,838,603"
"May 11, 2021","3,136.28","3,238.00","3,127.37","3,223.91","4,619,781"
"May 12, 2021","3,185.00","3,207.94","3,133.10","3,151.94","4,936,410"
"May 13, 2021","3,185.47","3,203.84","3,133.00","3,161.47","3,356,877"
"May 14, 2021","3,185.56","3,228.86","3,183.00","3,222.90","3,325,022"
"May 17, 2021","3,245.93","3,292.75","3,234.59","3,270.39","3,723,925"
"May 18, 2021","3,292.58","3,312.00","3,230.37","3,232.28","2,828,391"
"May 19, 2021","3,195.00","3,234.75","3,184.00","3,231.80","2,679,708"
"May 20, 2021","3,244.40","3,259.68","3,236.18","3,247.68","2,633,192"
"May 21, 2021","3,250.00","3,256.69","3,197.01","3,203.08","4,104,882"
"May 24, 2021","3,215.50","3,257.95","3,210.50","3,244.99","2,422,813"
"May 25, 2021","3,266.67","3,279.82","3,213.76","3,259.05","3,261,109"
"May 26, 2021","3,274.59","3,295.73","3,258.51","3,265.16","2,383,986"
"May 27, 2021","3,256.00","3,260.36","3,230.04","3,230.11","2,561,157"
"May 28, 2021","3,242.00","3,247.99","3,219.70","3,223.07","2,331,509"
"Jun 1, 2021","3,243.50","3,250.98","3,209.06","3,218.65","2,430,045"
"Jun 2, 2021","3,223.10","3,235.00","3,208.00","3,233.99","2,014,524"
"Jun 3, 2021","3,204.23","3,214.44","3,184.03","3,187.01","2,398,293"
"Jun 4, 2021","3,212.00","3,221.00","3,198.81","3,206.22","2,249,749"
"Jun 7, 2021","3,197.33","3,208.00","3,172.20","3,198.01","2,215,756"
"Jun 8, 2021","3,222.61","3,279.53","3,218.01","3,264.11","3,416,730"
"Jun 9, 2021","3,272.87","3,297.58","3,270.70","3,281.15","2,455,530"
"Jun 10, 2021","3,282.01","3,351.00","3,281.15","3,349.65","3,476,480"
"Jun 11, 2021","3,349.65","3,366.58","3,333.45","3,346.83","2,817,352"
"Jun 14, 2021","3,346.83","3,385.00","3,335.50","3,383.87","2,569,655"
"Jun 15, 2021","3,384.00","3,396.99","3,363.11","3,383.13","2,426,200"
"Jun 16, 2021","3,392.00","3,426.35","3,360.53","3,415.25","4,202,782"
"Jun 17, 2021","3,403.18","3,497.20","3,401.00","3,489.24","5,136,531"
"Jun 18, 2021","3,479.99","3,507.00","3,473.71","3,486.90","5,247,737"
"Jun 21, 2021","3,476.42","3,482.00","3,434.00","3,453.96","3,277,130"
"Jun 22, 2021","3,458.06","3,523.78","3,456.09","3,505.44","3,345,082"
"Jun 23, 2021","3,505.00","3,521.00","3,483.20","3,503.82","2,813,341"
"Jun 24, 2021","3,507.64","3,524.86","3,430.85","3,449.08","3,831,999"
"Jun 25, 2021","3,464.00","3,464.82","3,394.18","3,401.46","3,940,997"
"Jun 28, 2021","3,416.00","3,448.00","3,413.51","3,443.89","2,242,793"
"Jun 29, 2021","3,438.82","3,456.03","3,423.03","3,448.14","2,098,439"
"Jun 30, 2021","3,441.06","3,471.60","3,435.00","3,440.16","2,403,992"
"Jul 1, 2021","3,434.61","3,457.00","3,409.42","3,432.97","2,037,053"
"Jul 2, 2021","3,451.64","3,511.72","3,436.92","3,510.98","3,176,697"
"Jul 6, 2021","3,530.11","3,685.48","3,529.00","3,675.74","6,744,768"
"Jul 7, 2021","3,717.38","3,734.20","3,678.91","3,696.58","5,328,062"
"Jul 8, 2021","3,643.56","3,759.99","3,621.12","3,731.41","5,180,623"
"Jul 9, 2021","3,722.52","3,748.00","3,693.40","3,719.34","3,748,237"
"Jul 12, 2021","3,744.00","3,757.29","3,696.79","3,718.55","2,571,635"
"Jul 13, 2021","3,702.10","3,773.08","3,671.32","3,677.36","3,845,917"
"Jul 14, 2021","3,708.85","3,717.66","3,660.83","3,681.68","3,296,568"
"Jul 15, 2021","3,694.20","3,695.40","3,620.92","3,631.20","3,185,292"
"Jul 16, 2021","3,633.31","3,646.06","3,570.46","3,573.63","4,043,706"
"Jul 19, 2021","3,532.58","3,550.21","3,499.16","3,549.59","3,784,595"
"Jul 20, 2021","3,567.32","3,592.00","3,518.00","3,573.19","3,255,680"
"Jul 21, 2021","3,576.38","3,586.45","3,543.64","3,585.20","2,318,989"
"Jul 22, 2021","3,587.23","3,640.02","3,582.27","3,638.03","3,265,352"
"Jul 23, 2021","3,640.00","3,666.11","3,622.04","3,656.64","2,436,292"
"Jul 26, 2021","3,673.17","3,712.08","3,647.25","3,699.82","2,900,068"
"Jul 27, 2021","3,698.50","3,698.50","3,586.15","3,626.39","4,131,890"
"Jul 28, 2021","3,633.78","3,658.42","3,601.00","3,630.32","2,999,378"
"Jul 29, 2021","3,627.75","3,637.95","3,580.01","3,599.92","5,519,952"
"Jul 30, 2021","3,347.95","3,368.14","3,306.98","3,327.59","9,965,593"
"Aug 2, 2021","3,353.10","3,358.92","3,317.00","3,331.48","3,353,915"
"Aug 3, 2021","3,340.72","3,391.00","3,299.77","3,366.24","4,157,343"
"Aug 4, 2021","3,379.35","3,388.88","3,345.56","3,354.72","2,183,945"
"Aug 5, 2021","3,356.22","3,389.00","3,340.92","3,375.99","2,433,503"
"Aug 6, 2021","3,375.00","3,375.00","3,329.04","3,344.94","2,637,644"
"Aug 9, 2021","3,343.61","3,354.88","3,328.52","3,341.87","2,148,220"
"Aug 10, 2021","3,345.01","3,358.00","3,315.00","3,320.68","2,412,551"
"Aug 11, 2021","3,331.45","3,337.70","3,277.79","3,292.11","2,947,249"
"Aug 12, 2021","3,290.00","3,314.51","3,269.67","3,303.50","2,323,823"
"Aug 13, 2021","3,305.67","3,306.07","3,283.00","3,293.97","2,056,699"
"Aug 16, 2021","3,283.00","3,300.00","3,211.13","3,298.99","3,328,494"
"Aug 17, 2021","3,277.50","3,280.49","3,225.68","3,241.96","3,387,922"
"Aug 18, 2021","3,241.99","3,254.10","3,200.00","3,201.22","2,804,311"
"Aug 19, 2021","3,194.02","3,233.00","3,182.46","3,187.75","3,782,862"
"Aug 20, 2021","3,203.87","3,207.81","3,175.76","3,199.95","3,358,428"
"Aug 23, 2021","3,211.90","3,280.90","3,210.01","3,265.87","3,268,131"
"Aug 24, 2021","3,280.00","3,315.49","3,274.58","3,305.78","2,551,841"
"Aug 25, 2021","3,309.87","3,321.00","3,286.15","3,299.18","1,680,306"
"Aug 26, 2021","3,299.00","3,332.00","3,296.00","3,316.00","2,098,761"
"Aug 27, 2021","3,333.23","3,352.32","3,313.75","3,349.63","2,402,369"
"Aug 30, 2021","3,357.43","3,445.00","3,355.22","3,421.57","3,192,244"
"Aug 31, 2021","3,424.80","3,472.58","3,395.59","3,470.79","4,356,413"
"Sep 1, 2021","3,496.40","3,527.00","3,475.24","3,479.00","3,629,911"