,Date,Open,High,Low,Close,Volume
,"Sep 4, 2018",111.80,112.00,110.65,110.85,"6,391,228"
,"Sep 5, 2018",110.58,110.82,109.70,109.87,"6,388,627"
,"Sep 6, 2018",110.00,110.41,109.36,110.26,"5,267,192"
,"Sep 7, 2018",110.08,111.35,110.01,110.97,"4,755,131"
,"Sep 10, 2018",111.44,111.91,110.37,110.68,"4,636,558"
,"Sep 11, 2018",110.50,110.61,109.51,109.60,"5,488,942"
,"Sep 12, 2018",109.25,110.25,109.18,109.46,"5,236,734"
,"Sep 13, 2018",109.55,110.72,109.37,110.67,"5,119,351"
,"Sep 14, 2018",110.92,111.25,108.88,109.26,"6,012,443"
,"Sep 17, 2018",109.58,109.88,108.61,109.36,"5,592,864"
,"Sep 18, 2018",108.89,109.75,108.23,109.53,"4,937,821"
,"Sep 19, 2018",109.63,110.18,109.48,109.79,"5,964,771"
,"Sep 20, 2018",110.58,111.95,109.94,111.62,"7,121,781"
,"Sep 21, 2018",111.95,111.98,110.40,110.40,"25,753,718"
,"Sep 24, 2018",112.27,113.14,111.70,112.77,"9,232,253"
,"Sep 25, 2018",113.31,114.71,112.65,113.63,"12,169,388"
,"Sep 26, 2018",114.01,116.32,114.01,115.21,"11,141,544"
,"Sep 27, 2018",115.19,116.60,115.10,116.04,"5,195,314"
,"Sep 28, 2018",115.65,117.46,115.35,116.94,"7,366,846"
,"Oct 1, 2018",117.28,117.40,115.68,116.24,"8,644,469"
,"Oct 2, 2018",115.55,117.70,115.30,117.66,"6,441,742"
,"Oct 3, 2018",117.95,118.10,116.74,116.91,"6,111,663"
,"Oct 4, 2018",117.00,117.17,115.12,116.13,"6,442,769"
,"Oct 5, 2018",116.00,116.58,114.73,114.78,"5,836,074"
,"Oct 8, 2018",114.83,116.16,114.12,116.02,"5,652,284"
,"Oct 9, 2018",116.62,117.77,116.04,116.89,"6,761,416"
,"Oct 10, 2018",116.84,117.23,112.73,112.86,"9,006,470"
,"Oct 11, 2018",112.50,113.25,110.32,111.15,"10,045,632"
,"Oct 12, 2018",111.97,113.27,111.23,112.61,"5,963,944"
,"Oct 15, 2018",111.93,114.62,111.89,113.44,"6,628,815"
,"Oct 16, 2018",114.34,116.37,113.84,116.19,"7,619,024"
,"Oct 17, 2018",116.10,117.22,115.43,117.13,"7,120,646"
,"Oct 18, 2018",116.75,117.13,115.58,116.18,"6,056,682"
,"Oct 19, 2018",117.42,119.17,117.22,118.90,"10,430,994"
,"Oct 22, 2018",119.05,119.69,117.72,118.27,"8,406,370"
,"Oct 23, 2018",116.95,118.49,115.41,117.85,"8,607,373"
,"Oct 24, 2018",117.06,117.06,111.25,111.61,"11,630,540"
,"Oct 25, 2018",112.62,114.69,112.12,114.16,"7,406,869"
,"Oct 26, 2018",112.84,114.14,112.10,113.19,"7,984,726"
,"Oct 29, 2018",114.45,114.94,111.96,113.04,"9,234,069"
,"Oct 30, 2018",113.39,114.89,112.41,114.76,"7,365,577"
,"Oct 31, 2018",116.23,116.52,114.68,114.83,"9,196,670"
,"Nov 1, 2018",115.20,116.28,114.90,116.10,"6,779,884"
,"Nov 2, 2018",116.83,116.95,114.37,115.18,"6,377,852"
,"Nov 5, 2018",115.74,116.22,115.12,115.45,"7,921,106"
,"Nov 6, 2018",115.74,116.84,115.45,116.71,"5,036,606"
,"Nov 7, 2018",116.57,117.29,115.16,117.05,"8,249,836"
,"Nov 8, 2018",117.45,117.83,115.21,116.00,"11,074,782"
,"Nov 9, 2018",118.20,120.20,117.18,118.00,"16,878,228"
,"Nov 12, 2018",118.00,118.46,116.60,116.70,"9,170,870"
,"Nov 13, 2018",117.11,117.78,116.18,116.85,"4,650,588"
,"Nov 14, 2018",117.44,118.22,116.44,117.12,"7,109,122"
,"Nov 15, 2018",116.49,117.43,115.70,117.11,"7,088,665"
,"Nov 16, 2018",116.53,117.34,115.99,116.19,"7,142,193"
,"Nov 19, 2018",116.00,117.83,114.79,115.42,"9,714,594"
,"Nov 20, 2018",113.52,114.59,111.52,111.87,"11,194,640"
,"Nov 21, 2018",112.50,113.99,112.30,113.03,"7,242,467"
,"Nov 23, 2018",112.24,112.79,111.74,112.08,"3,242,322"
,"Nov 26, 2018",113.18,113.18,111.92,112.55,"7,002,353"
,"Nov 27, 2018",113.61,114.10,112.41,113.90,"7,357,599"
,"Nov 28, 2018",114.32,116.30,114.05,116.10,"9,039,821"
,"Nov 29, 2018",115.75,117.14,115.21,116.61,"10,834,825"
,"Nov 30, 2018",116.84,117.07,115.06,115.49,"16,857,777"
,"Dec 3, 2018",116.65,116.92,114.91,115.74,"9,272,917"
,"Dec 4, 2018",115.62,116.29,112.66,112.87,"10,806,737"
,"Dec 6, 2018",112.06,114.34,111.16,114.33,"10,546,187"
,"Dec 7, 2018",113.86,113.99,111.61,111.98,"8,305,465"
,"Dec 10, 2018",111.99,112.29,109.53,111.86,"7,337,457"
,"Dec 11, 2018",112.97,113.72,111.43,111.97,"6,861,759"
,"Dec 12, 2018",113.00,113.98,112.15,112.21,"7,723,872"
,"Dec 13, 2018",112.87,113.60,112.34,113.39,"6,661,534"
,"Dec 14, 2018",112.37,113.92,112.05,112.20,"7,602,301"
,"Dec 17, 2018",112.29,112.89,110.03,110.62,"7,731,768"
,"Dec 18, 2018",110.87,111.08,108.90,109.45,"6,682,315"
,"Dec 19, 2018",110.00,112.13,108.95,109.22,"9,416,918"
,"Dec 20, 2018",108.75,109.21,106.13,107.00,"9,387,252"
,"Dec 21, 2018",106.47,108.75,103.86,104.22,"15,530,616"
,"Dec 24, 2018",103.23,103.90,100.35,100.35,"7,132,955"
,"Dec 26, 2018",100.49,105.85,100.38,105.83,"9,422,844"
,"Dec 27, 2018",104.41,106.55,102.80,106.52,"8,201,369"
,"Dec 28, 2018",107.28,108.52,106.19,107.30,"7,620,457"
,"Dec 31, 2018",109.11,109.67,107.55,109.65,"7,241,715"
,"Jan 2, 2019",108.10,109.14,107.73,108.97,"9,723,461"
,"Jan 3, 2019",108.48,108.65,105.94,106.33,"10,594,688"
,"Jan 4, 2019",107.94,110.75,107.25,109.61,"10,122,770"
,"Jan 7, 2019",109.91,111.40,109.30,110.56,"6,714,654"
,"Jan 8, 2019",111.80,112.56,111.17,111.42,"8,730,674"
,"Jan 9, 2019",111.80,112.80,111.56,112.67,"5,931,922"
,"Jan 10, 2019",111.99,112.91,111.50,112.80,"6,160,065"
,"Jan 11, 2019",112.18,112.92,111.73,112.65,"4,819,131"
,"Jan 14, 2019",111.65,112.70,111.43,112.42,"6,980,978"
,"Jan 15, 2019",112.30,113.18,110.61,111.76,"9,800,910"
,"Jan 16, 2019",111.45,112.01,110.81,110.91,"5,899,937"
,"Jan 17, 2019",110.72,111.26,110.16,111.01,"6,392,033"
,"Jan 18, 2019",111.86,111.93,110.83,111.04,"8,554,673"
,"Jan 22, 2019",110.62,111.33,109.75,110.60,"6,986,669"
,"Jan 23, 2019",111.19,111.84,110.00,111.12,"6,845,560"
,"Jan 24, 2019",111.00,111.11,109.93,110.55,"6,716,751"
,"Jan 25, 2019",111.47,111.50,110.66,111.09,"5,710,812"
,"Jan 28, 2019",110.76,110.99,109.95,110.81,"6,178,777"
,"Jan 29, 2019",110.65,110.93,110.00,110.90,"5,253,724"
,"Jan 30, 2019",110.30,110.58,108.96,110.13,"7,853,849"
,"Jan 31, 2019",110.10,111.54,110.01,111.52,"8,351,629"
,"Feb 1, 2019",111.97,112.05,110.93,111.30,"6,557,666"
,"Feb 4, 2019",111.41,111.98,110.68,111.80,"7,037,006"
,"Feb 5, 2019",112.02,112.74,111.45,112.66,"13,619,793"
,"Feb 6, 2019",113.85,113.92,111.07,111.41,"14,229,041"
,"Feb 7, 2019",111.05,111.11,109.81,110.95,"8,658,117"
,"Feb 8, 2019",110.46,111.54,110.06,111.51,"6,395,482"
,"Feb 11, 2019",111.77,111.81,109.25,109.44,"11,086,391"
,"Feb 12, 2019",110.21,110.83,109.15,109.20,"7,610,200"
,"Feb 13, 2019",109.24,110.48,109.23,110.20,"6,919,706"
,"Feb 14, 2019",109.85,111.50,109.54,110.66,"6,324,746"
,"Feb 15, 2019",111.40,112.63,111.03,112.59,"8,197,250"
,"Feb 19, 2019",112.91,113.77,112.83,113.51,"8,169,630"
,"Feb 20, 2019",113.60,114.09,113.29,113.68,"7,081,458"
,"Feb 21, 2019",113.40,114.54,112.87,114.29,"9,480,098"
,"Feb 22, 2019",114.63,115.77,113.95,115.25,"8,735,066"
,"Feb 25, 2019",115.62,115.80,113.46,113.59,"9,327,690"
,"Feb 26, 2019",113.65,114.01,112.85,113.50,"8,955,976"
,"Feb 27, 2019",113.10,113.51,112.46,112.78,"7,249,546"
,"Feb 28, 2019",112.90,113.43,112.75,112.84,"6,716,706"
,"Mar 1, 2019",113.45,114.44,113.45,114.01,"6,996,911"
,"Mar 4, 2019",114.42,114.42,113.09,114.33,"6,014,966"
,"Mar 5, 2019",114.23,114.54,113.76,114.00,"5,225,121"
,"Mar 6, 2019",114.00,115.05,114.00,114.85,"7,352,761"
,"Mar 7, 2019",114.85,114.90,113.47,114.01,"6,324,026"
,"Mar 8, 2019",113.46,113.84,112.90,113.81,"6,549,140"
,"Mar 11, 2019",114.04,115.00,114.03,114.75,"6,952,702"
,"Mar 12, 2019",114.72,115.30,114.04,114.73,"9,920,395"
,"Mar 13, 2019",114.84,114.85,113.72,114.09,"17,994,525"
,"Mar 14, 2019",114.12,114.77,113.93,114.48,"17,409,649"
,"Mar 15, 2019",114.50,115.48,113.68,114.96,"14,932,667"
,"Mar 18, 2019",113.03,114.00,112.46,113.12,"21,769,821"
,"Mar 19, 2019",112.95,113.71,109.80,110.00,"45,384,389"
,"Mar 20, 2019",110.31,110.88,108.05,109.99,"35,588,736"
,"Mar 21, 2019",110.10,110.15,108.37,108.66,"27,438,927"
,"Mar 22, 2019",108.33,109.00,107.51,108.23,"24,133,840"
,"Mar 25, 2019",108.49,109.07,107.32,107.79,"18,187,512"
,"Mar 26, 2019",108.40,110.34,108.27,110.14,"16,693,081"
,"Mar 27, 2019",110.45,111.09,109.73,110.28,"10,794,846"
,"Mar 28, 2019",110.60,111.27,110.24,110.71,"11,748,863"
,"Mar 29, 2019",111.56,111.60,110.39,111.03,"16,358,761"
,"Apr 1, 2019",111.59,112.87,111.38,112.51,"10,785,064"
,"Apr 2, 2019",113.15,113.31,111.92,111.96,"9,231,765"
,"Apr 3, 2019",112.70,113.11,112.21,112.52,"10,534,893"
,"Apr 4, 2019",113.24,114.86,113.03,114.75,"14,378,356"
,"Apr 5, 2019",114.97,115.13,114.31,115.00,"10,907,893"
,"Apr 8, 2019",115.00,115.83,114.64,114.96,"11,054,215"
,"Apr 9, 2019",115.61,117.16,115.28,116.86,"17,340,289"
,"Apr 10, 2019",117.58,118.03,116.28,117.16,"14,091,055"
,"Apr 11, 2019",117.73,117.86,116.32,116.60,"12,784,470"
,"Apr 12, 2019",127.91,130.90,126.36,130.06,"65,253,497"
,"Apr 15, 2019",131.05,132.70,129.79,132.04,"32,773,740"
,"Apr 16, 2019",131.75,132.13,129.56,129.90,"14,564,317"
,"Apr 17, 2019",129.81,132.36,129.28,131.75,"14,253,715"
,"Apr 18, 2019",131.77,132.87,131.11,132.45,"11,890,584"
,"Apr 22, 2019",131.90,132.20,131.03,131.68,"10,197,506"
,"Apr 23, 2019",133.39,134.24,132.65,133.36,"12,159,331"
,"Apr 24, 2019",133.11,135.75,132.72,135.10,"11,449,455"
,"Apr 25, 2019",135.36,138.88,134.84,137.24,"16,382,455"
,"Apr 26, 2019",138.70,140.04,137.51,139.92,"14,167,589"
,"Apr 29, 2019",142.19,142.37,137.61,139.30,"25,746,100"
,"Apr 30, 2019",139.12,139.39,136.03,136.97,"15,253,088"
,"May 1, 2019",137.49,138.17,136.24,136.38,"8,906,731"
,"May 2, 2019",135.38,135.69,132.38,134.14,"16,580,402"
,"May 3, 2019",135.22,135.31,133.78,134.33,"8,874,413"
,"May 6, 2019",132.54,135.33,132.30,135.00,"9,955,629"
,"May 7, 2019",135.35,135.97,132.76,133.44,"10,972,651"
,"May 8, 2019",133.50,135.70,133.31,134.99,"15,423,532"
,"May 9, 2019",135.03,136.48,132.84,133.59,"15,297,051"
,"May 10, 2019",133.01,134.32,131.23,134.04,"9,858,487"
,"May 13, 2019",131.50,132.66,130.55,131.34,"11,389,896"
,"May 14, 2019",133.52,134.66,132.05,133.20,"12,001,739"
,"May 15, 2019",132.55,135.21,132.04,134.68,"9,734,068"
,"May 16, 2019",135.29,136.40,134.81,135.50,"9,689,397"
,"May 17, 2019",134.26,135.98,134.03,135.04,"8,964,178"
,"May 20, 2019",134.25,134.40,133.25,133.91,"8,009,000"
,"May 21, 2019",134.57,134.57,133.11,134.09,"7,050,294"
,"May 22, 2019",133.82,134.17,133.39,133.85,"5,093,746"
,"May 23, 2019",132.71,133.55,131.95,132.73,"6,743,329"
,"May 24, 2019",133.10,133.29,132.22,132.79,"4,570,132"
,"May 28, 2019",133.21,134.04,132.59,132.62,"8,938,370"
,"May 29, 2019",131.96,132.15,130.78,131.57,"7,749,591"
,"May 30, 2019",131.88,132.68,131.34,132.20,"5,273,987"
,"May 31, 2019",130.96,132.93,130.78,132.04,"7,420,899"
,"Jun 3, 2019",132.02,132.95,131.49,132.47,"7,901,387"
,"Jun 4, 2019",133.45,134.88,132.92,134.82,"8,247,513"
,"Jun 5, 2019",135.41,136.00,134.94,135.94,"6,842,759"
,"Jun 6, 2019",136.51,137.44,135.73,137.21,"6,027,316"
,"Jun 7, 2019",137.60,138.76,137.33,138.04,"7,026,269"
,"Jun 10, 2019",138.88,138.88,136.07,137.07,"8,479,526"
,"Jun 11, 2019",137.59,137.75,134.94,135.08,"6,352,215"
,"Jun 12, 2019",135.09,136.28,134.82,135.72,"5,536,986"
,"Jun 13, 2019",137.95,141.85,137.61,141.74,"17,939,543"
,"Jun 14, 2019",142.05,142.95,140.53,141.65,"11,125,201"
,"Jun 17, 2019",140.81,141.48,139.11,140.97,"8,542,717"
,"Jun 18, 2019",141.99,143.51,138.97,139.24,"11,231,406"
,"Jun 19, 2019",139.51,141.07,138.58,140.92,"6,877,141"
,"Jun 20, 2019",141.98,142.23,139.91,142.02,"8,485,793"
,"Jun 21, 2019",141.95,142.00,140.00,140.23,"14,150,036"
,"Jun 24, 2019",140.12,140.47,137.80,139.22,"10,497,423"
,"Jun 25, 2019",139.02,140.41,138.67,139.94,"14,675,355"
,"Jun 26, 2019",140.36,140.74,139.51,140.40,"8,842,136"
,"Jun 27, 2019",141.00,141.74,138.92,139.30,"6,466,261"
,"Jun 28, 2019",139.41,140.21,138.61,139.64,"20,078,800"
,"Jul 1, 2019",140.45,141.95,139.22,141.65,"8,996,454"
,"Jul 2, 2019",141.40,142.86,141.27,142.53,"7,557,314"
,"Jul 3, 2019",142.70,143.00,142.00,142.98,"4,150,852"
,"Jul 5, 2019",141.42,142.89,140.70,142.45,"5,595,988"
,"Jul 8, 2019",142.18,142.23,140.97,141.02,"4,993,865"
,"Jul 9, 2019",140.06,141.72,139.75,141.61,"7,396,283"
,"Jul 10, 2019",142.40,144.25,142.01,143.54,"9,533,663"
,"Jul 11, 2019",144.01,145.34,143.54,143.56,"10,471,130"
,"Jul 12, 2019",144.15,145.43,144.00,144.88,"8,510,020"
,"Jul 15, 2019",145.13,145.36,143.97,145.06,"5,289,248"
,"Jul 16, 2019",144.75,144.99,143.81,144.30,"5,854,707"
,"Jul 17, 2019",144.60,144.68,142.37,142.57,"5,296,353"
,"Jul 18, 2019",142.46,142.46,140.17,141.63,"8,035,481"
,"Jul 19, 2019",142.24,142.24,139.74,139.85,"6,109,874"
,"Jul 22, 2019",141.25,141.44,140.01,140.84,"7,707,699"
,"Jul 23, 2019",141.65,142.54,140.27,141.26,"7,514,525"
,"Jul 24, 2019",141.40,141.59,140.40,141.29,"5,896,610"
,"Jul 25, 2019",141.40,143.23,141.04,143.21,"7,294,375"
,"Jul 26, 2019",143.74,145.19,143.05,144.65,"8,139,402"
,"Jul 29, 2019",145.59,147.15,145.17,146.39,"11,674,108"
,"Jul 30, 2019",145.76,146.80,144.61,144.93,"6,563,058"
,"Jul 31, 2019",144.99,145.00,142.34,143.01,"9,710,669"
,"Aug 1, 2019",143.34,144.53,141.26,141.85,"8,911,657"
,"Aug 2, 2019",140.99,142.22,139.94,141.71,"6,539,050"
,"Aug 5, 2019",139.14,140.23,137.03,138.30,"10,669,680"
,"Aug 6, 2019",140.41,141.95,138.37,141.87,"18,818,879"
,"Aug 7, 2019",134.93,135.87,132.26,134.86,"29,084,488"
,"Aug 8, 2019",137.90,138.00,136.01,137.89,"14,054,758"
,"Aug 9, 2019",137.10,139.24,136.76,138.52,"8,811,869"
,"Aug 12, 2019",137.31,137.57,135.23,135.75,"7,780,351"
,"Aug 13, 2019",135.00,137.92,135.00,137.01,"8,196,997"
,"Aug 14, 2019",135.06,135.15,132.68,132.85,"11,797,670"
,"Aug 15, 2019",133.50,134.28,132.47,133.41,"7,590,114"
,"Aug 16, 2019",134.02,135.50,133.83,135.20,"6,353,770"
,"Aug 19, 2019",136.79,137.62,134.28,135.29,"11,741,800"
,"Aug 20, 2019",133.33,136.04,133.26,135.13,"8,628,920"
,"Aug 21, 2019",134.61,136.06,134.05,135.76,"6,326,629"
,"Aug 22, 2019",136.20,136.67,134.69,136.08,"6,968,278"
,"Aug 23, 2019",135.51,136.44,131.02,131.67,"10,197,685"
,"Aug 26, 2019",134.19,134.64,132.55,134.61,"8,101,688"
,"Aug 27, 2019",135.77,135.99,134.19,134.49,"6,015,348"
,"Aug 28, 2019",134.06,136.73,133.52,136.55,"5,957,541"
,"Aug 29, 2019",138.12,138.68,137.42,137.84,"6,536,300"
,"Aug 30, 2019",138.29,138.50,136.76,137.26,"5,624,066"
,"Sep 3, 2019",136.37,136.42,135.06,136.31,"5,998,686"
,"Sep 4, 2019",136.74,138.20,136.39,137.89,"4,302,805"
,"Sep 5, 2019",138.92,139.27,138.32,138.84,"5,145,232"
,"Sep 6, 2019",139.13,139.81,138.25,139.55,"4,089,995"
,"Sep 9, 2019",139.58,140.08,138.48,138.83,"5,458,689"
,"Sep 10, 2019",138.12,138.44,134.58,135.79,"10,974,575"
,"Sep 11, 2019",135.56,136.24,134.93,136.19,"7,896,359"
,"Sep 12, 2019",136.84,138.67,136.54,137.50,"7,333,931"
,"Sep 13, 2019",137.85,138.22,137.11,138.02,"5,209,146"
,"Sep 16, 2019",136.29,137.24,135.30,135.80,"6,329,260"
,"Sep 17, 2019",135.80,136.73,135.67,136.31,"4,759,951"
,"Sep 18, 2019",136.41,137.07,135.72,136.80,"6,894,548"
,"Sep 19, 2019",137.00,137.36,133.00,133.30,"12,585,398"
,"Sep 20, 2019",133.03,133.23,131.61,132.27,"25,640,027"
,"Sep 23, 2019",131.99,132.89,131.89,132.46,"6,146,871"
,"Sep 24, 2019",134.01,134.15,131.50,131.97,"11,940,337"
,"Sep 25, 2019",131.79,133.42,131.22,133.09,"6,613,058"
,"Sep 26, 2019",133.14,133.30,129.06,131.27,"11,851,673"
,"Sep 27, 2019",130.10,131.00,128.92,129.96,"8,402,934"
,"Sep 30, 2019",130.35,130.86,129.82,130.32,"5,845,989"
,"Oct 1, 2019",130.80,131.78,129.51,129.55,"6,011,451"
,"Oct 2, 2019",128.51,129.22,127.57,129.14,"8,343,560"
,"Oct 3, 2019",128.60,129.43,127.54,128.15,"8,683,717"
,"Oct 4, 2019",128.69,130.44,128.61,130.27,"6,803,210"
,"Oct 7, 2019",130.27,131.57,129.04,130.90,"5,842,436"
,"Oct 8, 2019",129.90,130.04,128.37,128.47,"6,778,174"
,"Oct 9, 2019",129.10,129.85,128.06,129.33,"5,037,437"
,"Oct 10, 2019",129.22,130.14,128.88,129.34,"4,581,018"
,"Oct 11, 2019",130.30,130.99,129.59,130.02,"6,809,765"
,"Oct 14, 2019",130.13,130.30,129.48,129.70,"3,753,018"
,"Oct 15, 2019",130.01,130.89,129.40,129.76,"5,937,287"
,"Oct 16, 2019",129.76,131.83,129.70,130.86,"7,671,898"
,"Oct 17, 2019",132.53,133.44,130.51,132.37,"8,037,035"
,"Oct 18, 2019",132.37,133.16,130.89,130.89,"8,695,515"
,"Oct 21, 2019",131.44,131.73,130.02,130.26,"7,391,094"
,"Oct 22, 2019",133.15,133.68,132.10,132.40,"10,540,835"
,"Oct 23, 2019",132.45,132.68,130.76,131.13,"7,075,669"
,"Oct 24, 2019",131.52,131.70,129.63,130.26,"6,792,298"
,"Oct 25, 2019",130.50,131.76,130.03,130.90,"6,696,035"
,"Oct 28, 2019",131.45,132.08,130.14,130.53,"8,940,309"
,"Oct 29, 2019",130.50,130.77,129.44,129.48,"9,305,072"
,"Oct 30, 2019",129.69,130.31,129.15,129.60,"10,880,048"
,"Oct 31, 2019",129.53,130.15,128.75,129.92,"9,628,296"
,"Nov 1, 2019",130.99,132.80,130.51,132.75,"8,507,567"
,"Nov 4, 2019",134.12,134.14,132.47,132.92,"7,631,780"
,"Nov 5, 2019",132.77,132.77,130.89,131.45,"7,404,474"
,"Nov 6, 2019",131.60,131.66,130.66,131.27,"9,132,465"
,"Nov 7, 2019",132.35,133.70,131.75,132.96,"18,047,601"
,"Nov 8, 2019",140.22,140.25,136.74,137.96,"24,187,457"
,"Nov 11, 2019",137.50,138.56,136.21,136.74,"10,144,903"
,"Nov 12, 2019",138.03,139.34,136.74,138.58,"17,283,987"
,"Nov 13, 2019",138.58,149.92,136.84,148.72,"46,491,397"
,"Nov 14, 2019",148.00,150.63,146.28,147.15,"28,414,285"
,"Nov 15, 2019",147.14,147.20,144.21,144.67,"13,749,344"
,"Nov 18, 2019",144.75,149.04,143.69,147.65,"15,356,968"
,"Nov 19, 2019",148.18,149.48,146.80,148.38,"11,508,726"
,"Nov 20, 2019",148.09,148.99,146.03,146.93,"9,451,314"
,"Nov 21, 2019",147.16,147.47,146.26,146.90,"6,241,359"
,"Nov 22, 2019",147.21,149.44,146.68,148.29,"9,639,428"
,"Nov 25, 2019",148.80,150.21,147.70,149.69,"11,329,309"
,"Nov 26, 2019",151.75,153.41,150.61,151.64,"24,973,011"
,"Nov 27, 2019",152.30,152.57,151.15,151.48,"6,166,318"
,"Nov 29, 2019",151.48,152.47,151.01,151.58,"6,284,938"
,"Dec 2, 2019",152.94,152.97,149.10,150.62,"10,365,739"
,"Dec 3, 2019",147.74,149.11,146.87,148.58,"9,392,732"
,"Dec 4, 2019",149.30,149.33,148.18,148.28,"7,686,996"
,"Dec 5, 2019",148.69,148.83,147.10,147.44,"7,369,731"
,"Dec 6, 2019",148.40,148.61,147.18,147.66,"7,087,551"
,"Dec 9, 2019",147.96,148.51,145.40,146.21,"11,642,041"
,"Dec 10, 2019",145.26,146.85,145.05,146.10,"7,089,746"
,"Dec 11, 2019",147.39,147.89,146.76,147.59,"8,260,750"
,"Dec 12, 2019",147.92,148.93,147.25,147.76,"7,763,316"
,"Dec 13, 2019",147.43,147.80,146.31,146.38,"9,353,254"
,"Dec 16, 2019",147.59,148.65,146.55,148.46,"9,146,339"
,"Dec 17, 2019",148.10,148.46,147.62,147.73,"8,779,665"
,"Dec 18, 2019",147.77,147.95,146.19,146.26,"9,472,498"
,"Dec 19, 2019",146.18,146.80,145.32,146.15,"10,249,312"
,"Dec 20, 2019",147.15,147.88,145.77,146.88,"12,631,869"
,"Dec 23, 2019",145.91,146.33,144.33,144.68,"9,318,682"
,"Dec 24, 2019",144.58,145.43,144.45,145.29,"3,508,541"
,"Dec 26, 2019",145.40,145.86,145.17,145.70,"4,431,113"
,"Dec 27, 2019",146.05,146.51,145.45,145.75,"5,497,500"
,"Dec 30, 2019",145.75,145.87,143.40,143.77,"6,605,481"
,"Dec 31, 2019",143.67,144.77,143.26,144.63,"5,663,965"
,"Jan 2, 2020",145.29,148.20,145.10,148.20,"9,504,711"
,"Jan 3, 2020",146.40,147.90,146.05,146.50,"7,321,837"
,"Jan 6, 2020",145.54,146.03,144.31,145.65,"8,268,374"
,"Jan 7, 2020",145.99,146.87,145.42,145.70,"6,972,813"
,"Jan 8, 2020",145.49,146.13,144.82,145.40,"6,986,395"
,"Jan 9, 2020",146.47,146.63,144.61,144.83,"6,668,201"
,"Jan 10, 2020",145.30,145.50,144.26,144.62,"5,154,850"
,"Jan 13, 2020",144.75,144.75,143.36,143.88,"9,926,387"
,"Jan 14, 2020",143.41,146.72,142.29,145.20,"14,846,350"
,"Jan 15, 2020",145.71,145.71,143.93,144.32,"6,818,180"
,"Jan 16, 2020",145.09,145.43,144.44,145.12,"6,948,369"
,"Jan 17, 2020",145.54,145.64,144.01,144.33,"10,355,328"
,"Jan 21, 2020",144.24,144.59,143.01,143.56,"9,250,157"
,"Jan 22, 2020",144.45,144.79,143.54,144.01,"7,549,950"
,"Jan 23, 2020",143.60,143.61,140.65,142.20,"11,081,973"
,"Jan 24, 2020",141.40,142.25,139.20,140.08,"13,076,325"
,"Jan 27, 2020",135.86,137.73,135.00,135.90,"12,831,818"
,"Jan 28, 2020",136.50,138.93,135.86,138.37,"10,390,015"
,"Jan 29, 2020",138.60,138.68,135.79,136.06,"9,389,202"
,"Jan 30, 2020",135.09,137.85,134.83,137.81,"11,847,328"
,"Jan 31, 2020",138.40,138.67,137.06,138.31,"12,379,079"
,"Feb 3, 2020",139.79,141.82,139.75,141.32,"12,659,963"
,"Feb 4, 2020",145.49,145.59,143.25,144.73,"23,519,727"
,"Feb 5, 2020",146.60,147.30,138.57,141.37,"27,824,121"
,"Feb 6, 2020",141.92,143.95,141.22,142.70,"9,504,618"
,"Feb 7, 2020",141.89,141.99,140.12,141.02,"10,948,878"
,"Feb 10, 2020",141.03,142.59,140.46,142.59,"8,162,055"
,"Feb 11, 2020",142.85,142.99,140.46,141.01,"10,790,080"
,"Feb 12, 2020",141.34,142.22,140.87,141.85,"8,168,150"
,"Feb 13, 2020",141.17,141.90,140.82,140.90,"7,543,117"
,"Feb 14, 2020",141.10,141.28,139.13,139.54,"9,110,543"
,"Feb 18, 2020",139.02,139.66,138.10,139.14,"8,223,909"
,"Feb 19, 2020",139.63,141.87,139.23,141.30,"7,080,871"
,"Feb 20, 2020",141.63,141.63,138.85,140.37,"5,981,715"
,"Feb 21, 2020",139.86,139.88,138.58,138.97,"7,725,829"
,"Feb 24, 2020",132.90,134.44,131.21,133.01,"19,336,454"
,"Feb 25, 2020",133.75,133.94,127.98,128.19,"21,032,491"
,"Feb 26, 2020",126.12,128.37,122.13,123.36,"31,226,998"
,"Feb 27, 2020",119.81,122.90,117.92,118.04,"30,827,530"
,"Feb 28, 2020",114.51,118.31,113.21,117.65,"35,453,804"
,"Mar 2, 2020",119.13,119.98,116.03,119.98,"21,775,916"
,"Mar 3, 2020",121.15,121.78,115.15,116.45,"19,529,722"
,"Mar 4, 2020",118.96,119.24,115.48,119.18,"13,842,096"
,"Mar 5, 2020",116.86,116.96,112.11,113.98,"22,397,240"
,"Mar 6, 2020",110.76,115.87,110.32,115.27,"22,899,617"
,"Mar 9, 2020",108.69,110.43,104.28,104.35,"26,233,565"
,"Mar 10, 2020",108.10,111.58,102.43,111.46,"24,083,654"
,"Mar 11, 2020",108.42,108.90,102.86,105.51,"24,794,290"
,"Mar 12, 2020",97.62,100.00,91.64,91.81,"40,392,866"
,"Mar 13, 2020",100.78,102.87,92.25,102.52,"40,960,063"
,"Mar 16, 2020",91.80,98.28,90.00,95.01,"35,379,527"
,"Mar 17, 2020",95.80,97.46,91.15,93.53,"27,526,244"
,"Mar 18, 2020",87.59,89.34,79.07,88.80,"43,592,467"
,"Mar 19, 2020",88.00,97.40,85.11,94.93,"30,866,822"
,"Mar 20, 2020",95.99,96.99,85.84,85.98,"31,957,765"
,"Mar 23, 2020",84.49,87.28,81.09,85.76,"32,246,575"
,"Mar 24, 2020",92.33,99.17,91.80,98.12,"32,538,101"
,"Mar 25, 2020",100.66,105.92,95.51,100.73,"28,533,045"
,"Mar 26, 2020",100.83,107.73,100.80,105.36,"24,532,406"
,"Mar 27, 2020",100.45,101.49,95.54,96.40,"30,591,533"
,"Mar 30, 2020",96.00,100.46,92.10,99.80,"23,119,212"
,"Mar 31, 2020",100.22,103.16,96.16,96.60,"21,563,217"
,"Apr 1, 2020",93.50,97.40,92.56,94.92,"18,303,939"
,"Apr 2, 2020",94.20,97.26,94.20,96.97,"13,936,518"
,"Apr 3, 2020",96.31,96.92,92.71,93.88,"14,814,617"
,"Apr 6, 2020",97.26,100.19,94.52,99.58,"20,407,359"
,"Apr 7, 2020",104.86,105.89,100.25,101.24,"22,899,572"
,"Apr 8, 2020",100.53,102.35,98.65,101.07,"22,562,536"
,"Apr 9, 2020",107.92,107.99,103.53,104.50,"31,485,591"
,"Apr 13, 2020",104.71,104.87,99.61,103.50,"17,305,975"
,"Apr 14, 2020",105.50,107.64,103.90,106.03,"19,866,909"
,"Apr 15, 2020",104.39,104.88,102.70,103.37,"14,157,642"
,"Apr 16, 2020",103.53,103.72,100.89,102.02,"18,029,326"
,"Apr 17, 2020",106.21,106.79,104.35,106.63,"17,926,937"
,"Apr 20, 2020",103.58,104.86,102.00,102.26,"17,020,976"
,"Apr 21, 2020",100.01,101.51,99.13,100.54,"16,101,433"
,"Apr 22, 2020",101.80,102.63,100.89,100.99,"11,491,992"
,"Apr 23, 2020",100.65,102.53,99.46,101.00,"17,132,150"
,"Apr 24, 2020",101.78,101.92,99.52,101.19,"13,621,103"
,"Apr 27, 2020",102.00,106.52,101.61,106.06,"15,518,290"
,"Apr 28, 2020",108.79,110.06,105.98,106.21,"16,503,665"
,"Apr 29, 2020",109.94,112.70,108.56,112.25,"20,139,800"
,"Apr 30, 2020",109.44,110.31,106.86,108.15,"18,638,721"
,"May 1, 2020",106.36,106.91,104.47,105.50,"13,209,147"
,"May 4, 2020",102.01,103.83,100.55,103.18,"19,514,835"
,"May 5, 2020",101.51,105.18,100.90,101.06,"30,169,815"
,"May 6, 2020",101.48,105.27,98.86,100.88,"51,992,370"
,"May 7, 2020",101.85,105.61,101.83,105.57,"20,868,772"
,"May 8, 2020",109.05,109.18,106.63,109.16,"24,101,684"
,"May 11, 2020",108.40,108.81,106.41,107.77,"20,555,873"
,"May 12, 2020",109.06,109.44,104.49,104.56,"17,049,744"
,"May 13, 2020",104.50,104.54,101.60,102.92,"21,085,767"
,"May 14, 2020",101.98,105.92,99.66,105.91,"22,002,221"
,"May 15, 2020",104.98,109.38,104.27,109.05,"29,765,968"
,"May 18, 2020",114.47,119.78,114.47,116.85,"40,075,682"
,"May 19, 2020",115.10,116.47,113.42,114.37,"20,332,581"
,"May 20, 2020",116.42,120.87,116.04,119.92,"25,749,914"
,"May 21, 2020",119.34,120.30,116.50,117.83,"17,578,300"
,"May 22, 2020",117.50,118.57,116.83,118.02,"9,288,238"
,"May 26, 2020",121.05,122.51,120.43,120.95,"16,466,399"
,"May 27, 2020",123.68,123.78,119.71,121.53,"19,345,392"
,"May 28, 2020",121.60,121.98,116.00,116.75,"18,625,659"
,"May 29, 2020",116.19,117.75,114.12,117.30,"17,845,756"
,"Jun 1, 2020",117.26,119.65,116.93,118.77,"10,548,789"
,"Jun 2, 2020",119.00,119.85,117.83,118.75,"10,753,111"
,"Jun 3, 2020",119.99,122.45,119.32,122.18,"12,584,301"
,"Jun 4, 2020",121.95,124.50,121.85,123.69,"14,195,122"
,"Jun 5, 2020",126.31,127.82,124.28,124.82,"16,581,597"
,"Jun 8, 2020",125.10,127.44,123.94,127.28,"13,858,100"
,"Jun 9, 2020",125.63,125.79,123.51,123.89,"10,882,796"
,"Jun 10, 2020",124.02,124.10,120.93,122.18,"11,497,114"
,"Jun 11, 2020",117.60,118.00,112.25,112.64,"26,078,845"
,"Jun 12, 2020",115.17,117.00,112.89,115.49,"18,361,940"
,"Jun 15, 2020",112.08,118.12,111.71,117.08,"14,156,378"
,"Jun 16, 2020",121.24,121.50,116.05,118.44,"12,951,190"
,"Jun 17, 2020",118.64,119.23,117.14,117.65,"8,921,557"
,"Jun 18, 2020",116.88,118.53,115.93,118.37,"9,577,324"
,"Jun 19, 2020",119.98,120.12,114.35,114.35,"23,496,269"
,"Jun 22, 2020",114.19,116.19,113.11,115.92,"12,868,007"
,"Jun 23, 2020",116.96,117.45,115.97,116.59,"10,187,615"
,"Jun 24, 2020",115.85,116.00,110.03,112.07,"22,252,541"
,"Jun 25, 2020",108.99,111.51,108.50,111.36,"17,240,437"
,"Jun 26, 2020",110.95,111.20,108.02,109.10,"15,270,853"
,"Jun 29, 2020",109.00,111.57,108.10,111.52,"12,584,332"
,"Jun 30, 2020",111.50,112.05,109.93,111.51,"10,565,924"
,"Jul 1, 2020",112.82,115.60,112.29,113.01,"11,930,873"
,"Jul 2, 2020",115.00,115.10,112.00,112.18,"10,311,966"
,"Jul 6, 2020",113.83,114.53,112.90,114.43,"11,933,427"
,"Jul 7, 2020",113.63,115.08,112.61,113.63,"10,836,470"
,"Jul 8, 2020",113.48,117.13,112.81,116.66,"13,629,528"
,"Jul 9, 2020",116.51,117.85,115.38,116.81,"13,582,870"
,"Jul 10, 2020",116.83,119.44,116.21,119.34,"14,207,918"
,"Jul 13, 2020",119.94,120.13,115.89,116.22,"15,620,185"
,"Jul 14, 2020",115.23,119.08,114.54,118.66,"12,425,142"
,"Jul 15, 2020",121.63,122.09,119.70,120.90,"15,314,197"
,"Jul 16, 2020",117.72,119.99,117.60,119.43,"10,210,145"
,"Jul 17, 2020",118.90,119.56,117.06,118.65,"9,848,857"
,"Jul 20, 2020",118.05,118.49,116.82,117.79,"8,947,906"
,"Jul 21, 2020",118.05,120.39,117.66,118.62,"8,955,973"
,"Jul 22, 2020",118.19,119.30,117.93,119.03,"7,063,295"
,"Jul 23, 2020",118.86,119.35,117.01,118.12,"7,255,832"
,"Jul 24, 2020",115.70,118.21,115.53,117.61,"8,233,263"
,"Jul 27, 2020",117.20,117.42,115.68,116.31,"9,412,967"
,"Jul 28, 2020",115.46,116.84,114.68,116.18,"6,821,077"
,"Jul 29, 2020",116.22,116.71,115.11,115.61,"9,496,463"
,"Jul 30, 2020",114.91,116.29,113.37,115.66,"9,713,524"
,"Jul 31, 2020",115.22,117.05,114.12,116.94,"9,623,821"
,"Aug 3, 2020",116.17,117.12,115.35,116.35,"10,229,172"
,"Aug 4, 2020",115.96,118.35,115.76,117.29,"17,293,923"
,"Aug 5, 2020",123.37,130.31,123.28,127.61,"53,122,394"
,"Aug 6, 2020",126.96,131.63,125.61,130.82,"27,237,996"
,"Aug 7, 2020",130.22,131.94,128.66,129.93,"16,088,579"
,"Aug 10, 2020",129.75,131.32,128.49,128.79,"8,529,151"
,"Aug 11, 2020",130.53,132.76,130.00,130.49,"13,885,677"
,"Aug 12, 2020",130.67,133.00,130.49,131.79,"12,205,195"
,"Aug 13, 2020",130.64,132.35,130.45,130.96,"6,468,610"
,"Aug 14, 2020",130.01,131.08,129.74,130.53,"6,507,571"
,"Aug 17, 2020",130.10,130.14,128.54,129.37,"7,492,155"
,"Aug 18, 2020",129.44,129.59,128.36,128.92,"6,714,570"
,"Aug 19, 2020",129.25,130.22,127.43,127.77,"7,624,193"
,"Aug 20, 2020",126.80,128.45,126.53,128.12,"4,918,122"
,"Aug 21, 2020",127.72,128.31,127.23,127.44,"6,064,709"
,"Aug 24, 2020",128.15,130.88,127.93,130.69,"7,613,610"
,"Aug 25, 2020",130.83,131.09,129.31,129.79,"5,494,391"
,"Aug 26, 2020",130.00,132.60,129.52,132.18,"8,447,779"
,"Aug 27, 2020",133.00,136.36,132.82,133.73,"13,667,642"
,"Aug 28, 2020",134.50,136.80,133.58,135.54,"11,020,074"
,"Aug 31, 2020",135.25,135.54,131.25,131.87,"11,617,505"
,"Sep 1, 2020",131.92,133.61,130.89,133.55,"8,344,079"
,"Sep 2, 2020",133.63,135.92,133.26,135.39,"8,187,761"
,"Sep 3, 2020",135.24,137.24,132.02,133.24,"12,079,176"
,"Sep 4, 2020",133.75,134.88,129.42,131.99,"11,248,302"
,"Sep 8, 2020",131.99,137.14,130.86,134.20,"17,257,349"
,"Sep 9, 2020",134.28,135.55,132.26,133.36,"8,891,787"
,"Sep 10, 2020",133.58,136.75,132.74,133.22,"9,853,420"
,"Sep 11, 2020",133.74,133.74,131.09,131.75,"7,165,255"
,"Sep 14, 2020",132.53,132.93,130.90,131.25,"8,391,896"
,"Sep 15, 2020",131.46,132.54,131.01,131.24,"7,289,104"
,"Sep 16, 2020",132.17,133.62,131.40,132.09,"6,605,949"
,"Sep 17, 2020",130.55,131.77,128.60,130.22,"6,723,544"
,"Sep 18, 2020",129.50,130.79,128.12,128.63,"9,916,267"
,"Sep 21, 2020",125.98,126.89,123.59,125.41,"10,352,686"
,"Sep 22, 2020",125.26,127.47,124.70,127.21,"6,978,779"
,"Sep 23, 2020",127.07,127.30,122.90,123.28,"8,323,568"
,"Sep 24, 2020",121.93,123.80,120.78,122.49,"8,479,997"
,"Sep 25, 2020",121.36,124.19,120.98,124.00,"6,851,806"
,"Sep 28, 2020",125.75,126.86,125.37,125.99,"6,283,678"
,"Sep 29, 2020",125.92,126.29,123.68,125.40,"7,432,567"
,"Sep 30, 2020",123.24,125.55,123.24,124.08,"13,642,450"
,"Oct 1, 2020",124.94,125.47,122.42,123.31,"8,908,316"
,"Oct 2, 2020",121.99,123.68,121.69,122.55,"6,490,237"
,"Oct 5, 2020",123.26,123.60,122.33,123.37,"5,919,150"
,"Oct 6, 2020",123.13,124.19,120.61,120.93,"9,051,995"
,"Oct 7, 2020",121.95,123.31,120.93,122.91,"10,187,808"
,"Oct 8, 2020",123.58,123.75,122.42,123.09,"7,404,570"
,"Oct 9, 2020",123.85,125.55,123.33,124.98,"11,502,207"
,"Oct 12, 2020",124.90,125.94,123.73,124.97,"10,958,228"
,"Oct 13, 2020",129.80,131.36,127.90,128.96,"22,388,972"
,"Oct 14, 2020",129.14,129.50,125.29,126.59,"11,536,579"
,"Oct 15, 2020",125.00,127.40,124.43,127.36,"7,748,617"
,"Oct 16, 2020",127.81,128.12,126.33,126.81,"6,295,112"
,"Oct 19, 2020",127.37,127.40,123.71,124.23,"6,576,923"
,"Oct 20, 2020",124.58,125.73,123.64,124.95,"6,166,070"
,"Oct 21, 2020",124.36,127.56,123.84,126.63,"6,591,520"
,"Oct 22, 2020",126.67,128.10,125.97,127.56,"5,180,071"
,"Oct 23, 2020",128.10,128.50,126.35,128.35,"5,439,906"
,"Oct 26, 2020",127.11,127.11,122.95,124.06,"8,578,901"
,"Oct 27, 2020",124.03,124.61,123.03,123.31,"6,813,840"
,"Oct 28, 2020",121.01,121.53,118.32,118.47,"11,654,677"
,"Oct 29, 2020",118.16,122.63,117.23,121.54,"9,583,749"
,"Oct 30, 2020",120.64,121.75,119.09,121.25,"8,098,891"
,"Nov 2, 2020",122.24,122.93,119.81,120.13,"9,186,007"
,"Nov 3, 2020",121.61,125.07,121.37,124.02,"8,144,940"
,"Nov 4, 2020",123.58,126.86,123.41,125.07,"7,483,043"
,"Nov 5, 2020",126.78,128.62,125.80,126.96,"7,654,761"
,"Nov 6, 2020",126.26,128.04,124.61,127.46,"6,259,697"
,"Nov 9, 2020",140.26,147.68,138.07,142.59,"35,634,684"
,"Nov 10, 2020",139.97,142.37,137.67,142.11,"18,115,410"
,"Nov 11, 2020",141.47,142.00,136.62,137.82,"9,600,863"
,"Nov 12, 2020",136.34,138.49,134.10,135.52,"13,893,301"
,"Nov 13, 2020",140.90,141.19,136.52,138.36,"21,074,457"
,"Nov 16, 2020",141.57,144.74,141.57,144.67,"16,382,489"
,"Nov 17, 2020",144.40,144.83,142.56,144.50,"9,354,936"
,"Nov 18, 2020",144.50,145.48,143.35,143.90,"9,456,229"
,"Nov 19, 2020",142.57,143.30,141.70,141.72,"8,892,462"
,"Nov 20, 2020",141.71,142.61,140.86,141.07,"8,485,920"
,"Nov 23, 2020",142.45,147.75,141.70,145.98,"12,887,045"
,"Nov 24, 2020",148.16,151.86,147.85,151.49,"16,711,735"
,"Nov 25, 2020",150.27,150.27,147.24,149.09,"9,551,978"
,"Nov 27, 2020",149.00,150.35,146.53,147.13,"5,306,365"
,"Nov 30, 2020",147.06,148.69,146.29,148.01,"9,710,134"
,"Dec 1, 2020",149.57,151.40,149.00,149.44,"8,827,829"
,"Dec 2, 2020",149.49,154.01,148.34,153.61,"10,601,879"
,"Dec 3, 2020",153.45,154.44,152.13,153.24,"9,063,241"
,"Dec 4, 2020",153.69,154.68,152.81,154.14,"6,033,271"
,"Dec 7, 2020",153.18,153.88,152.26,153.68,"6,815,460"
,"Dec 8, 2020",152.42,154.88,152.25,153.72,"7,900,575"
,"Dec 9, 2020",156.29,157.46,153.89,154.43,"10,804,340"
,"Dec 10, 2020",153.32,155.34,152.50,154.69,"8,993,216"
,"Dec 11, 2020",169.68,179.45,165.33,175.72,"87,410,704"
,"Dec 14, 2020",173.80,177.30,168.81,169.30,"30,939,390"
,"Dec 15, 2020",170.49,174.47,167.82,173.94,"18,817,185"
,"Dec 16, 2020",173.99,174.85,171.62,173.12,"11,105,791"
,"Dec 17, 2020",173.82,174.84,171.96,173.55,"9,004,574"
,"Dec 18, 2020",173.60,175.84,172.28,172.89,"21,172,083"
,"Dec 21, 2020",170.09,171.94,168.19,170.69,"11,424,234"
,"Dec 22, 2020",170.00,171.45,169.16,170.45,"6,424,901"
,"Dec 23, 2020",172.96,175.95,172.30,173.55,"9,994,045"
,"Dec 24, 2020",173.99,174.58,172.38,173.73,"2,720,964"
,"Dec 28, 2020",175.75,179.92,175.05,178.86,"13,145,438"
,"Dec 29, 2020",180.01,180.20,176.22,177.30,"6,875,370"
,"Dec 30, 2020",178.50,183.40,178.37,181.17,"11,680,443"
,"Dec 31, 2020",181.22,183.40,180.27,181.18,"7,073,495"
,"Jan 4, 2021",182.26,182.59,174.73,177.68,"13,426,595"
,"Jan 5, 2021",176.20,180.34,176.20,178.44,"7,771,802"
,"Jan 6, 2021",178.32,181.61,177.28,179.12,"7,517,758"
,"Jan 7, 2021",179.50,179.95,177.58,178.58,"7,300,815"
,"Jan 8, 2021",178.81,180.02,176.60,178.69,"7,894,454"
,"Jan 11, 2021",177.75,181.26,177.35,179.09,"6,464,144"
,"Jan 12, 2021",177.30,178.32,174.86,175.99,"8,349,839"
,"Jan 13, 2021",174.40,177.73,173.74,176.12,"6,839,540"
,"Jan 14, 2021",177.01,178.35,173.40,173.43,"8,951,171"
,"Jan 15, 2021",172.95,174.19,170.17,171.44,"12,232,542"
,"Jan 19, 2021",172.10,173.71,171.44,172.26,"7,834,738"
,"Jan 20, 2021",175.22,177.88,173.00,173.64,"9,809,232"
,"Jan 21, 2021",173.24,175.00,171.02,171.28,"8,423,916"
,"Jan 22, 2021",174.00,175.25,171.89,172.78,"9,517,202"
,"Jan 25, 2021",171.89,173.11,168.77,171.89,"7,833,745"
,"Jan 26, 2021",173.00,173.35,169.05,169.56,"7,523,199"
,"Jan 27, 2021",165.01,166.34,160.52,163.03,"18,239,248"
,"Jan 28, 2021",166.17,172.88,165.95,171.88,"14,449,099"
,"Jan 29, 2021",168.80,169.81,165.79,168.17,"12,848,825"
,"Feb 1, 2021",170.84,171.73,168.03,170.97,"8,140,399"
,"Feb 2, 2021",173.77,179.76,172.80,176.96,"12,215,224"
,"Feb 3, 2021",177.00,178.43,175.76,176.43,"5,508,576"
,"Feb 4, 2021",177.59,181.38,176.49,180.23,"9,035,407"
,"Feb 5, 2021",181.71,182.32,179.33,181.16,"6,640,514"
,"Feb 8, 2021",183.85,190.64,183.30,190.00,"16,085,695"
,"Feb 9, 2021",188.17,189.25,186.04,188.21,"11,270,808"
,"Feb 10, 2021",189.98,190.70,185.81,189.63,"11,464,643"
,"Feb 11, 2021",189.18,191.25,188.07,190.91,"17,507,890"
,"Feb 12, 2021",193.00,193.85,186.56,187.67,"27,233,775"
,"Feb 16, 2021",187.30,188.44,184.86,186.35,"11,630,734"
,"Feb 17, 2021",185.36,187.63,182.16,186.44,"11,406,366"
,"Feb 18, 2021",184.79,186.40,182.84,183.00,"12,390,770"
,"Feb 19, 2021",184.27,184.78,182.79,183.65,"8,834,497"
,"Feb 22, 2021",181.74,194.02,181.53,191.76,"18,799,609"
,"Feb 23, 2021",193.59,198.94,188.66,197.09,"23,191,447"
,"Feb 24, 2021",197.58,200.60,195.33,197.51,"16,205,921"
,"Feb 25, 2021",197.73,197.96,190.38,190.98,"12,712,043"
,"Feb 26, 2021",190.07,191.61,185.45,189.04,"15,843,972"
,"Mar 1, 2021",193.23,196.90,191.39,194.98,"10,709,916"
,"Mar 2, 2021",196.10,197.96,193.49,193.94,"8,371,357"
,"Mar 3, 2021",194.63,196.81,192.21,192.26,"8,750,307"
,"Mar 4, 2021",189.90,192.48,184.12,188.03,"12,542,623"
,"Mar 5, 2021",189.15,190.57,183.34,189.99,"10,266,391"
,"Mar 8, 2021",197.31,203.02,193.79,201.91,"25,093,169"
,"Mar 9, 2021",200.19,201.70,194.37,194.51,"23,331,038"
,"Mar 10, 2021",197.31,198.80,194.68,195.06,"13,662,052"
,"Mar 11, 2021",197.38,199.05,195.40,196.75,"11,933,924"
,"Mar 12, 2021",196.53,198.41,195.18,197.16,"13,249,124"
,"Mar 15, 2021",198.54,198.54,194.81,196.76,"10,319,674"
,"Mar 16, 2021",196.10,196.59,192.88,194.24,"9,680,745"
,"Mar 17, 2021",193.44,196.19,191.78,195.24,"14,418,682"
,"Mar 18, 2021",194.95,195.08,191.74,192.28,"9,644,461"
,"Mar 19, 2021",190.92,194.00,189.76,191.14,"28,354,576"
,"Mar 22, 2021",193.26,196.33,192.00,192.86,"8,838,532"
,"Mar 23, 2021",191.59,192.34,187.97,188.73,"10,701,244"
,"Mar 24, 2021",190.06,190.50,184.64,184.72,"13,549,134"
,"Mar 25, 2021",181.85,187.71,181.01,186.91,"9,609,238"
,"Mar 26, 2021",188.83,188.98,182.57,185.92,"10,196,132"
,"Mar 29, 2021",185.24,185.94,183.15,184.85,"7,544,714"
,"Mar 30, 2021",183.83,186.32,183.56,185.53,"5,929,698"
,"Mar 31, 2021",185.83,186.90,184.42,184.52,"8,478,002"
,"Apr 1, 2021",186.43,189.10,185.59,188.97,"7,749,378"
,"Apr 5, 2021",191.47,191.67,188.09,188.50,"7,405,334"
,"Apr 6, 2021",188.50,191.28,187.87,189.73,"7,926,185"
,"Apr 7, 2021",189.80,190.33,186.95,187.56,"6,238,712"
,"Apr 8, 2021",187.20,188.05,185.63,187.32,"7,762,950"
,"Apr 9, 2021",188.17,188.22,186.15,187.89,"6,089,323"
,"Apr 12, 2021",187.75,187.85,185.48,186.49,"6,662,530"
,"Apr 13, 2021",185.59,186.44,184.60,185.49,"6,826,463"
,"Apr 14, 2021",185.97,190.40,185.71,187.46,"9,089,939"
,"Apr 15, 2021",188.09,188.90,185.70,185.93,"7,262,535"
,"Apr 16, 2021",187.57,189.47,186.20,187.26,"9,453,501"
,"Apr 19, 2021",187.51,190.33,185.65,187.43,"7,625,755"
,"Apr 20, 2021",187.29,188.08,181.82,182.79,"10,765,798"
,"Apr 21, 2021",181.29,183.38,178.86,183.11,"8,400,197"
,"Apr 22, 2021",184.22,184.88,181.26,182.76,"7,378,274"
,"Apr 23, 2021",182.35,183.90,181.96,183.02,"6,078,995"
,"Apr 26, 2021",183.96,185.60,183.26,184.27,"6,178,311"
,"Apr 27, 2021",184.99,185.81,184.15,184.64,"4,869,989"
,"Apr 28, 2021",184.79,184.79,182.82,183.39,"5,199,290"
,"Apr 29, 2021",184.80,185.55,182.75,185.33,"5,958,302"
,"Apr 30, 2021",184.29,186.32,183.54,186.02,"7,866,277"
,"May 3, 2021",187.69,189.22,185.25,185.51,"7,542,779"
,"May 4, 2021",184.87,185.63,182.31,184.25,"7,069,321"
,"May 5, 2021",185.01,185.01,181.36,181.51,"4,056,789"
,"May 6, 2021",182.78,182.99,179.81,181.79,"6,944,863"
,"May 7, 2021",182.00,185.12,181.51,184.84,"6,888,401"
,"May 10, 2021",185.70,186.97,184.03,184.30,"8,260,306"
,"May 11, 2021",181.80,182.25,178.43,181.67,"10,865,550"
,"May 12, 2021",180.70,182.46,177.58,177.85,"8,988,117"
,"May 13, 2021",178.37,180.75,175.80,178.34,"12,332,217"
,"May 14, 2021",172.93,174.91,168.78,173.70,"33,149,430"
,"May 17, 2021",172.70,172.99,168.57,170.08,"17,771,623"
,"May 18, 2021",170.26,171.26,169.45,169.68,"10,400,960"
,"May 19, 2021",167.71,169.40,167.10,169.27,"9,250,998"
,"May 20, 2021",169.21,171.90,168.98,171.36,"7,400,700"
,"May 21, 2021",172.22,173.12,171.52,172.40,"8,105,719"
,"May 24, 2021",172.45,175.11,171.75,174.31,"7,346,737"
,"May 25, 2021",175.60,177.45,175.40,176.17,"8,089,738"
,"May 26, 2021",176.62,177.90,176.20,176.47,"8,086,203"
,"May 27, 2021",177.20,179.59,176.79,179.04,"13,567,830"
,"May 28, 2021",179.51,180.14,178.08,178.65,"7,130,259"
,"Jun 1, 2021",180.18,181.01,178.74,178.84,"7,475,585"
,"Jun 2, 2021",179.04,179.10,176.93,177.00,"7,851,747"
,"Jun 3, 2021",176.27,176.97,175.42,176.24,"5,583,852"
,"Jun 4, 2021",175.93,177.52,175.61,177.18,"6,343,364"
,"Jun 7, 2021",177.97,178.07,176.40,176.99,"5,178,102"
,"Jun 8, 2021",175.97,177.12,175.19,176.33,"5,356,212"
,"Jun 9, 2021",176.31,177.33,175.88,176.04,"5,082,352"
,"Jun 10, 2021",176.44,177.61,175.55,176.57,"5,252,999"
,"Jun 11, 2021",177.45,178.49,176.81,177.38,"5,476,308"
,"Jun 14, 2021",177.65,178.87,176.90,178.18,"10,169,974"
,"Jun 15, 2021",178.18,178.70,175.62,175.86,"7,894,959"
,"Jun 16, 2021",176.01,176.26,173.55,174.66,"8,335,986"
,"Jun 17, 2021",174.59,176.26,173.84,174.65,"8,905,994"
,"Jun 18, 2021",173.14,173.86,172.12,172.42,"12,357,540"
,"Jun 21, 2021",172.13,174.26,171.31,173.97,"9,196,930"
,"Jun 22, 2021",174.37,174.70,172.35,173.50,"8,097,070"
,"Jun 23, 2021",173.62,175.45,172.94,175.33,"9,174,184"
,"Jun 24, 2021",176.13,178.24,175.78,177.93,"7,549,422"
,"Jun 25, 2021",178.83,179.09,177.49,178.35,"7,431,816"
,"Jun 28, 2021",178.50,178.66,174.99,176.57,"9,881,440"
,"Jun 29, 2021",176.64,177.02,173.80,173.93,"13,498,290"
,"Jun 30, 2021",173.89,175.98,173.34,175.77,"7,481,883"
,"Jul 1, 2021",175.35,177.60,174.60,177.26,"5,887,078"
,"Jul 2, 2021",177.86,178.36,174.62,177.11,"11,102,745"
,"Jul 6, 2021",176.76,177.00,172.22,173.69,"11,557,861"
,"Jul 7, 2021",172.86,174.32,171.99,172.82,"6,757,282"
,"Jul 8, 2021",170.18,173.75,169.81,172.80,"6,960,105"
,"Jul 9, 2021",174.70,177.52,173.93,177.04,"7,873,266"
,"Jul 12, 2021",177.71,184.99,177.37,184.38,"21,835,513"
,"Jul 13, 2021",184.09,185.67,181.84,183.65,"12,534,554"
,"Jul 14, 2021",185.20,186.29,182.08,183.42,"8,787,307"
,"Jul 15, 2021",183.45,185.42,183.05,184.15,"7,866,968"
,"Jul 16, 2021",184.94,185.29,178.92,179.31,"8,348,797"
,"Jul 19, 2021",175.71,176.48,172.16,172.95,"14,651,780"
,"Jul 20, 2021",173.70,177.51,172.87,176.75,"8,372,402"
,"Jul 21, 2021",176.50,177.90,175.32,176.89,"6,302,229"
,"Jul 22, 2021",176.70,176.72,173.90,175.13,"5,713,745"
,"Jul 23, 2021",175.66,176.50,174.03,176.14,"5,126,271"
,"Jul 26, 2021",175.62,178.78,175.34,178.74,"5,641,039"
,"Jul 27, 2021",178.25,179.56,176.57,179.50,"6,684,123"
,"Jul 28, 2021",179.69,180.35,177.55,179.10,"5,926,934"
,"Jul 29, 2021",179.81,181.42,178.27,178.35,"6,209,059"
,"Jul 30, 2021",177.53,179.20,175.14,176.02,"6,813,443"
,"Aug 2, 2021",177.22,178.82,175.31,175.55,"5,847,175"
,"Aug 3, 2021",176.02,176.13,170.92,172.99,"9,931,347"
,"Aug 4, 2021",172.50,173.25,171.34,172.58,"5,665,827"
,"Aug 5, 2021",172.49,177.12,172.49,176.71,"8,864,174"
,"Aug 6, 2021",177.43,178.81,176.63,177.13,"5,505,241"
,"Aug 9, 2021",177.00,177.31,175.06,176.72,"5,338,969"
,"Aug 10, 2021",176.25,177.40,175.58,177.07,"5,184,959"
,"Aug 11, 2021",177.36,178.49,176.51,178.09,"5,359,894"
,"Aug 12, 2021",178.09,179.72,176.45,179.29,"11,266,420"
,"Aug 13, 2021",186.29,187.58,180.88,181.08,"32,504,619"
,"Aug 16, 2021",180.51,180.59,176.51,179.09,"8,755,051"
,"Aug 17, 2021",177.15,178.45,174.92,175.83,"8,534,526"
,"Aug 18, 2021",175.90,176.79,174.50,174.74,"7,063,511"
,"Aug 19, 2021",174.00,174.68,172.56,173.25,"8,478,606"
,"Aug 20, 2021",173.00,175.21,172.65,175.12,"6,239,617"
,"Aug 23, 2021",177.08,178.31,175.91,177.66,"7,395,878"
,"Aug 24, 2021",177.92,180.08,177.76,178.47,"5,886,947"
,"Aug 25, 2021",178.16,178.59,176.88,178.31,"4,842,077"
,"Aug 26, 2021",178.34,178.94,176.34,176.56,"4,563,000"
,"Aug 27, 2021",176.28,180.54,176.28,180.14,"8,696,960"
,"Aug 30, 2021",180.50,181.39,178.87,179.98,"6,421,287"
,"Aug 31, 2021",179.25,182.98,178.53,181.30,"8,620,017"
,"Sep 1, 2021",181.96,184.21,181.78,183.48,"7,302,824"
,"Sep 2, 2021",184.16,185.30,181.55,181.86,"6,497,070"